Serial Number,Name,Date,Type,Latitude,Longitude,Number of heroes in panel,Biological sex,Transport to Heaven,Religion,Caste,Class,Left-/right-handedness,Elaborateness of carving,Number of registers on hero-stone,Inscribed or not
1,Agara1,9th-10th Century,Skirmish,12.8344241,77.4869542,1,"M (dress, anatomy)",Transportation not shown -- flanked by apsaras in heaven,Unclear,Unclear,"Royal rich -- parasols, bugle-blowers",RH,Elaborately carved,1,Not inscribed
2,Agara2,9th-10th Century,Cattle Raiding,12.831921,77.485338,1,"M (dress, anatomy)",Not transported,Unclear,Unclear,"Poor - no jewels, horses, parasols",RH,Moderately elaborate,1,Not inscribed
3,Agara3,14th-15th Century,Skirmish,12.844055,77.487129,3 (2M; 1F),"M, F (dress, anatomy)","Transportation not shown, but in heaven -- not flanked","Hindu (worship of shivalinga, Nandi Bull)",Dvija (caste thread),"Moderately wealthy (necklaces, armlets, anklets)","RH, RH, RH",Elaborately carved,3,Not inscribed
4,Agara4,9th-10th Century,Cattle Raiding,12.844193,77.487129,1,"M (dress, anatomy)","Transportation not shown, but in heaven -- not flanked",Hindu (worship of shivalinga),Unclear,"Moderately wealthy (necklaces, armlets, anklets)",Ambidextrous,Elaborately carved,1,Not inscribed
5,Agrahara1,14th-15th Century,Unclear Cause ,13.091357,77.619576,1,"M (dress, anatomy)",Not transported,Unclear,Unclear,"Poor - no jewels, horses, parasols",RH,Moderately elaborate,1,Not inscribed
6,Amani Doddakere,15th-16th Century,Unclear Cause,12.729891,77.697823,1,"M (dress, anatomy)",Not transported,Unclear,Unclear,Rich??? -- jewels,RH,Moderately elaborate,1,Not inscribed
7,Amani Doddakere2,13th-14th Century,Unclear Cause,12.734077,77.698277,1,"M (dress, anatomy)",Not transported,Unclear,Unclear,"Moderately wealthy (necklaces, armlets, anklets)",RH,Poorly carved,1,Not inscribed
8,Amani Doddakere3,13th-14th Century,Unclear Cause,12.734139,77.699559,1,"M (dress, anatomy)",Not transported,Unclear,Unclear,"Moderately wealthy (necklaces, armlets, anklets)",RH,Moderately elaborate,1,Not inscribed
9,Anekal1,14th-15th Century,Sati (Veera Masti),12.7008119,77.706643,2 (1M; 1F),"M, F (dress, anatomy)",Not transported,Unclear,Unclear,"Moderately wealthy (necklaces, armlets, anklets)",M: RH; F: unclear,Moderately elaborate,1,Not inscribed
10,Anekal2,16th-17th Century,Rifle ,12.7008131,77.7066486,1,"M (dress, anatomy)",Not transported,Unclear,Unclear,"Moderately wealthy (necklaces, armlets, anklets)",RH,Semi-moderate,1,Not inscribed
11,Anekal3,13th-14th Century,Unclear Cause,12.700807,77.7066427,3 (2M; 1F),"M, F (dress, anatomy)",Not transported,Unclear,Unclear,"Moderately wealthy (necklaces, armlets, anklets)","M: ambidextrous, RH; F: RH",Moderately elaborate,1,Not inscribed
12,Anekal4,14th-15th Century,Unclear Cause,12.7008102,77.706683,2 (1M; 1F),"M, F (dress, anatomy)",Not transported,Unclear,Unclear,"Moderately wealthy (necklaces, armlets, anklets)",M: RH; F: unclear,Moderately elaborate,1,Not inscribed
13,Anekal5,14th-15th Century,Sati (Veera Masti),12.7008205,77.70663,2 (1M; 1F),"M, F (dress, anatomy)",Not transported,Unclear,Unclear,"Moderately wealthy (necklaces, armlets, anklets)",M: RH; F: unclear,Moderately elaborate,1,Not inscribed
14,Anekal6,14th-15th Century,Sati (Veera Masti),12.70082,77.70662,2 (1M; 1F),"M, F (dress, anatomy)",Not transported,Unclear,Unclear,Unclear,M: ambidextrous; F: RH,Moderately elaborate,1,Not inscribed
15,Anekal7,8th-9th Century,Skirmish,12.70264,77.6932,1,"M (dress, anatomy)",Not transported,Unclear,Unclear,"Royal rich -- jewels, horse, attendant, parasol",RH,Moderately elaborate,1,Inscribed
16,Aradeshanahalli2,9th-10th Century,Cattle Raiding,13.221615,77.564159,1,"M (dress, anatomy)",Transportation not shown -- flanked by apsaras in heaven,Unclear,Unclear,"Poor - no jewels, horses, parasols",Ambidextrous,Moderately elaborate,2,Inscribed
17,Aradeshanahalli3,15th-16th Century,Unclear Cause,13.2192247,77.5674377,1,"M (dress, anatomy)",Not transported,Unclear,Unclear,Unclear,RH,Semi-moderate,1,Not inscribed
18,Aradeshanahalli4,15th-16th Century,Unclear Cause,13.219225,77.56743,1,"M (dress, anatomy)",Not transported,Unclear,Unclear,"Moderately wealthy (necklaces, armlets, anklets)",Ambidextrous,Moderately elaborate,1,Not inscribed
19,Aradeshanahalli5,15th-16th Century,Unclear Cause,13.219225,77.56743,1,Ambiguous gender (blouse and shorts),Not transported,Unclear,Unclear,"Moderately wealthy (necklaces, armlets, anklets)",RH,Moderately elaborate,1,Not inscribed
20,Aradeshanahalli6,15th-16th Century,Unclear Cause,13.2192198,77.5674337,1,Ambiguous gender (blouse and shorts),Not transported,Hindu (Nandi bull on top of sculpture),Unclear,"Moderately wealthy (necklaces, armlets, anklets)",Ambidextrous,Moderately elaborate,1,Not inscribed
21,Aradeshanahalli7,15th-16th Century,Unclear Cause,13.2192224,77.5674253,1,Ambiguous gender (blouse and shorts),Not transported,Unclear,Unclear,"Moderately wealthy (necklaces, armlets, anklets)",Ambidextrous,Moderately elaborate,1,Not inscribed
22,Aradeshanahalli8,15th-16th Century,Sati,13.2192162,77.5674407,1,Female (dress and anatomy),Not transported,Unclear,Unclear,"Moderately wealthy (necklaces, armlets, anklets)",RH,Moderately elaborate,1,Not inscribed
23,Arakere1,14th-15th Century,Sati (Veera Masti),13.206639,77.536129,2 (1M; 1F),"M, F (dress, anatomy)",Not transported,Unclear,Unclear,"Poor - no jewels, horses, parasols",RH;  LH???,Semi-moderate,1,Not inscribed
24,Arakere2,14th-15th Century,Sati (Veera Masti),13.206639,77.536129,2 (1M; 1F),"M, F (dress, anatomy)",Not transported,Unclear,Unclear,"Poor - no jewels, horses, parasols",RH;  LH???,Semi-moderate,1,Not inscribed
25,Arehalli1,9th-10th Century,Skirmish,12.936317,77.829513,1,"M (dress, anatomy)",Transportation not shown -- flanked by apsaras in heaven,"Hindu (worship of shivalinga, Nandi Bull)",Unclear,"Moderately wealthy (necklaces, armlets, anklets)",Ambidextrous,Moderately elaborate,2,Not inscribed
26,Attibele1,9th-10th Century,Cattle Raiding,12.7763447,77.7712642,1,"M (dress, anatomy)",Transportation not shown -- flanked by apsaras in heaven,Unclear,Unclear,"Poor - no jewels, horses, parasols",RH,Moderately elaborate,2,Not inscribed
27,Avalahalli (Now in Museum)1,13th-14th Century,Skirmish,12.9747694,77.5958,1,"M (dress, anatomy)",Palanquin carried by apsaras,"Hindu (worship of shivalinga, Nandi Bull)",Unclear,"Moderately wealthy (necklaces, armlets, anklets)",Ambidextrous,Elaborately carved,3,Inscribed
28,Balepete (Ranganathaswamy Temple)1,15th-16th Century,Skirmish,12.9701394,77.5793501,1,"M (dress, anatomy)",Not transported,Unclear,Unclear,"Royal rich -- horse, attendant, parasol, jewels",RH,Moderately elaborate,1,Not inscribed
29,Ballur1,10th-11th Century,Sati,12.747326,77.784169,2 (1M; 1F),"M, F (dress, anatomy)",Transportation not shown -- flanked by apsaras in heaven,Unclear,Unclear,"Moderately wealthy (necklaces, armlets, anklets)","RH, RH",Moderately elaborate,2,Not inscribed
30,Banashankari1,10th-11th Century,Deer Hunting,12.927056,77.568081,1,"M (dress, anatomy)",Transportation not shown -- flanked by apsaras in heaven,Unclear,Unclear,"Poor - no jewels, horses, parasols",RH,Semi-moderate,1,Not inscribed
31,Banaswadi1,13th-14th Century,Sati (Veera Masti),13.01318,77.365755,3 (1M; 2F),"M,F (dress, anatomy)",Not transported,"Hindu (worship of shivalinga, Nandi Bull)",Unclear,"Royal rich??? -- lots of jewels, hero on horse",RH; RH; RH,Moderately elaborate,2,Not inscribed
32,Bande Nallasandra,13th-14th Century,Sati,12.793971,77.651278,"7 (1M, 6F)","M, F (dress, anatomy)",Not transported,Unclear,Unclear,"Poor - no jewels, horses, parasols","RH, RH, RH, LH, LH, LH, Unclear (1)",Moderately elaborate,1,Not inscribed
33,Bangalore at Central College Campus1,15th-16th Century,Unclear Cause,12.9731385,77.5820371,1,"M (dress, anatomy)",Not transported,Unclear,Unclear,"Moderately wealthy (necklaces, armlets, anklets)",RH,Moderately elaborate,1,Not inscribed
34,Bangalore at Central College Campus2,15th-16th Century,Sati (Veera Masti),12.9731385,77.5819808,2 (1M; 1F),"M, F (dress, anatomy)",Not transported,Unclear,Unclear,"Moderately wealthy (necklaces, armlets, anklets)",M: RH; F: RH,Moderately elaborate,1,Not inscribed
35,Bangalore Chalukya Circle1,14th-15th Century,Sati,12.9828611,77.5869394,2 (1M; 1F),"M, F (dress, anatomy)",Not transported,Jain -- yaksha,Unclear,"Poor - no jewels, horses, parasols",M: RH; F: RH,Moderately elaborate,1,Not inscribed
36,Bangalore University Kannada Department8,10th-11th Century,Tiger,12.944872,77.503342,1,"M (dress, anatomy)",Not transported,Unclear,Not clear,Moderately rich??? -- elaborate headdress,RH,Poorly carved,1,Not inscribed
37,Bangalore University1,15th-16th Century,Sati (Veera Masti),12.944658,77.503171,2 (1M; 1F),"M, F (dress, anatomy)",Not transported,Unclear,Unclear,"Moderately wealthy (necklaces, armlets, anklets)",RH;  RH,Moderately elaborate,1,Not inscribed
38,Bangalore University2,15th-16th Century,Sati (Veera Masti),12.944658,77.503171,2 (1M; 1F),"M, F (dress, anatomy)",Not transported,Unclear,Unclear,"Moderately wealthy (necklaces, armlets, anklets)",LH; LH???,Moderately elaborate,1,Not inscribed
39,Bangalore University3,15th-16th Century,Sati (Veera Masti),12.944658,77.503171,2 (1M; 1F),"M,F (dress, anatomy)",Not transported,Unclear,Not clear,"Moderately rich??? -- some jewels around man's torso, also elaborate headdress","RH, RH",Moderately elaborate,1,Not inscribed
40,Bangalore University4,15th-16th Century,Sati (Veera Masti),12.944667,77.503131,2 (1M; 1F),"M,F (dress, anatomy)",Not transported,Unclear,Not clear,"Poor - no jewels, horses, parasols","RH, unclear",Semi-moderate,1,Not inscribed
41,Bangalore University5,15th-16th Century,Sati (Veera Masti),12.944876,77.503094,2 (1M; 1F),"M,F (dress, anatomy)",Not transported,Unclear,Not clear,"Moderately wealthy (necklaces, armlets, anklets)","RH, RH",Moderately elaborate,1,Not inscribed
42,Bangalore University6,15th-16th Century,Sati (Veera Masti),12.944707,77.503176,2 (1M; 1F),"M,F (dress, anatomy)",Not transported,Unclear,Not clear,Moderately rich??? -- some jewels around man's torso,"RH, LH",Moderately elaborate,1,Not inscribed
43,Bangalore University7,14th-15th Century,Sati (Veera Masti),12.944878,77.503326,3 (1M; 2F),"M,F, F (dress, anatomy)",Not transported,Unclear,Not clear,"Poor - no jewels, horses, parasols","RH, RH, unclear",Moderately elaborate,1,Not inscribed
44,Bannerughatta1,13th-14th Century,Self Sacrifice,12.8136587,77.5797897,1,"M (dress, anatomy)",Not transported,Unclear,Unclear,Many types,Unclear,Moderately elaborate,1,Not inscribed
45,Bannerughatta10,10th-11th Century,Self Sacrifice,12.813753,77.579773,1,Female (dress and anatomy),Not transported,Unclear,Unclear,"Poor - no jewels, horses, parasols",Unclear,Semi-moderate,1,Not inscribed
46,Bannerughatta11,14th-15th Century,Unclear Cause,12.8138003,77.5798084,1,"M (dress, anatomy)",Not transported,Unclear,Unclear,"Poor - no jewels, horses, parasols",RH,Semi-moderate,1,Not inscribed
47,Bannerughatta12,14th-15th Century,Skirmish,12.8137881,77.5798446,1,"M (dress, anatomy)",Not transported,Jain -- yaksha at top,Unclear,Rich??? -- lots of jewels,RH,Moderately elaborate,1,Not inscribed
48,Bannerughatta13,13th-14th Century,Cattle Raiding,12.8135495,77.5804304,1,"M (dress, anatomy)",Not transported,Unclear,Unclear,"Poor - no jewels, horses, parasols",RH,Moderately elaborate,1,Not inscribed
49,Bannerughatta14,13th-14th Century,Sati (Veera Masti),12.81354,77.58043,2 (1M; 1F),"M,F (dress, anatomy)",Not transported,"Hindu (shivalinga, Nandi bull -- although heroes are not seen worshipping them)",Unclear,"Moderately wealthy (necklaces, armlets, anklets)",RH; unclear,Moderately elaborate,3,Not inscribed
50,Bannerughatta2,14th-15th Century,Unclear Cause,12.813806,77.580901,1,"M (dress, anatomy)",Not transported,"Modern Hindu signs, but unclear",Unclear,"Poor - no jewels, horses, parasols",Unclear,Semi-moderate,1,Not inscribed
51,Bannerughatta3,13th-14th Century,Self Sacrifice,12.813758,77.57982,2 (1M; 1F),"M,F (dress, anatomy)",Not transported,"Hindu (shivalinga, Nandi bull -- although heroes are not seen worshipping them)",Unclear,"Poor - no jewels, horses, parasols",Unclear; unclear,Semi-moderate,2,Not inscribed
52,Bannerughatta4,14th-15th Century,Skirmish,12.813765,77.579735,1,"M (dress, anatomy)",Not transported,"Hindu (shivalinga, Nandi bull -- although heroes are not seen worshipping them)",Unclear,"Poor - no jewels, horses, parasols",RH,Moderately elaborate,2,Not inscribed
53,Bannerughatta5,15th-16th Century,Sati (Veera Masti),12.813777,77.579742,3 (1M; 2F),"M,F (dress, anatomy)",Not transported,Unclear,Unclear,"Moderately wealthy (necklaces, armlets, anklets)",Unclear; unclear; unclear,Moderately elaborate,1,Not inscribed
54,Bannerughatta6,15th-16th Century,Sati (Veera Masti),12.81381,77.579796,2 (1M; 1F),"M,F (dress, anatomy)",Not transported,Unclear,Unclear,"Moderately wealthy (necklaces, armlets, anklets)",RH; RH,Moderately elaborate,1,Not inscribed
55,Bannerughatta7,14th-15th Century,Cattle Raiding,12.8138,77.579796,2 (1M; 1F),"M,F (dress, anatomy)",Not transported,Unclear,Unclear,"Poor - no jewels, horses, parasols",RH; unclear,Semi-moderate,1,Not inscribed
56,Bannerughatta8,14th-15th Century,Cattle Raiding,12.813802,77.579796,1,"M (dress, anatomy)",Not transported,Jain -- apparently clothless,Unclear,"Poor - no jewels, horses, parasols",RH,Moderately elaborate,1,Not inscribed
57,Bannerughatta9,14th-15th Century,Skirmish,12.813805,77.579803,1,"M (dress, anatomy)",Not transported,Unclear,Unclear,"Poor - no jewels, horses, parasols",RH,Moderately elaborate,1,Not inscribed
58,Basavanagudi1,15th-16th Century,Sati (Veera Masti),12.9428311,77.5681044,2 (1M; 1F),"M, F (dress, anatomy)",Not transported,Unclear,Unclear,"Moderately wealthy (necklaces, armlets, anklets)",Unclear; unclear,Semi-moderate,1,Not inscribed
59,Begur (Nageshwara Temple)2,9th-10th Century,Skirmish,12.8766854,77.6263538,1 + dog,"M (dress, anatomy)",Transportation not shown -- flanked by apsaras in heaven,Unclear,Unclear,"Moderately wealthy (necklaces, armlets, anklets)",RH,Moderately elaborate,2,Inscribed
60,Begur (Nageshwara Temple)3,9th-10th Century,Velevali,12.8766828,77.6263733,1,"M (dress, anatomy)",Not transported,Unclear,Unclear,"Poor - no jewels, horses, parasols",Unclear,Moderately elaborate,1,Inscribed
61,Begur (Now in Museum)1,9th-10th Century,Uralivu (Attack on village) and cattle raiding,12.9747645,77.5957933,1,"M (dress, anatomy)",Carried by arms by apsaras,Unclear,Dvija (caste thread),"Moderately wealthy (necklaces, armlets, anklets)",RH,Elaborately carved,3,Inscribed
62,Begur10,9th-10th Century,Unclear Cause,12.8767018,77.6263588,1,"M (dress, anatomy)",Transportation not shown -- flanked by apsaras in heaven,Unclear,Unclear,"Poor - no jewels, horses, parasols",RH,Moderately elaborate,2,Not inscribed
63,Begur11,9th-10th Century,Unclear Cause,12.876692,77.6263759,1,"M (dress, anatomy)",Not transported,Unclear,Unclear,"Moderately wealthy (necklaces, armlets, anklets)",RH,Moderately elaborate,1,Not inscribed
64,Begur12,9th-10th Century,Skirmish,12.8766926,77.6263712,1,"M (dress, anatomy)",Cannot say -- may have been part of a bigger panel,Unclear,Unclear,Royal rich??? -- lots of jewels and adorned horse,RH,Moderately elaborate,1???,Not inscribed
65,Begur5,9th-10th Century,Cattle Raiding,12.876681,77.6263796,2 (2M),"M (dress, anatomy)",Transportation not shown -- flanked by apsaras in heaven,Unclear,Unclear,"Poor - no jewels, horses, parasols",RH; RH,Moderately elaborate,3,Inscribed
66,Begur6,9th-10th Century,Cattle Raiding,12.876671,77.6263531,1,"M (dress, anatomy)",Transportation not shown -- flanked by apsaras in heaven,Unclear,Unclear,"Poor - no jewels, horses, parasols",Ambidextrous,Moderately elaborate,2,Inscribed
67,Begur7,8th-9th Century,Skirmish,12.8766865,77.6263631,1,"M (dress, anatomy)",Transportation not shown -- flanked by apsaras in heaven,Unclear,Unclear,Royal rich??? -- lots of jewels and kingly headdress,RH,Moderately elaborate,2,Not inscribed
68,Begur8,13th-14th Century,Self Sacrifice,12.8766934,77.6263537,2 (1M; 1F),"M, F (dress, anatomy)",Not transported,Unclear,Unclear,Rich??? -- lots of jewels,M: unclear; F: LH,Moderately elaborate,1,Not inscribed
69,Begur9,9th-10th Century,Unclear Cause,12.8766989,77.6263665,1,"M (dress, anatomy)",Not transported,Unclear,Unclear,"Moderately wealthy (necklaces, armlets, anklets)",Ambidextrous,Moderately elaborate,1,Not inscribed
70,Bellandur1,10th-11th Century,Sati (Veera Masti),12.9305556,77.6758889,1,"M (dress, anatomy)",Transportation not shown -- flanked by apsaras in heaven,"Hindu (worship of shivalinga, Nandi Bull)",Unclear,"Moderately wealthy (necklaces, armlets, anklets)",Ambidextrous,Moderately elaborate,1 (both noble action and heaven shown on same panel),Not inscribed
71,Bengaluru at Lalbagh1,15th-16th Century,Sati (Veera Masti),12.949418,77.589955,2 (1M; 1F),"M, F (dress, anatomy)",Not transported,Unclear,Unclear,Rich -- lots of jewels -- possibly royal???,M: RH; F: Ambidextrous,Moderately elaborate,1,Not inscribed
72,Bengaluru at Lalbagh2,13th-14th Century,Sati,12.9492583,77.5898753,3 (1M; 2F),"M, F (dress, anatomy)",Not transported,"Hindu (worship of shivalinga, Nandi Bull)",Unclear,"Moderately wealthy (necklaces, armlets, anklets)",M: RH; F: RH; RH,Moderately elaborate,2,Not inscribed
73,Bengaluru Dasarahalli,9th-10th Century,Unclear Cause,13.0542041,77.6150685,1,"M (dress, anatomy)",Not transported,Unclear,Unclear,"Moderately wealthy (necklaces, armlets, anklets)",RH,Moderately elaborate,1,Not inscribed
74,Bengaluru Dasarahalli1,14th-15th Century,Sati,13.054241,77.6150648,3 (1M; 2F),"M, F (dress, anatomy)",Not transported,Gandhara Buddha style bun -- possibly Buddhist,Unclear,"Moderately wealthy (necklaces, armlets, anklets)",Unclear; unclear; unclear,Moderately elaborate,1,Not inscribed
75,Bengaluru Dasarahalli2,14th-15th Century,Skirmish,13.0542033,77.6150441,2 (2M),"M (dress, anatomy)",Not transported,Unclear,Unclear,"Moderately wealthy (necklaces, armlets, anklets)",RH; RH,Semi-moderate,1,Not inscribed
76,Bengaluru Dasarahalli3,14th-15th Century,Unclear Cause,13.0542199,77.6150573,1,"M (dress, anatomy)",Not transported,Unclear,Unclear,"Moderately wealthy (necklaces, armlets, anklets)",Unclear,Moderately elaborate,1,Not inscribed
77,Bengaluru Dasarahalli4,14th-15th Century,Unclear Cause,13.0542324,77.6150499,1,"M (dress, anatomy)",Not transported,Unclear,Unclear,"Moderately wealthy (necklaces, armlets, anklets)",Unclear,Moderately elaborate,1,Not inscribed
78,Bengaluru Devasandra1,14th-15th Century,Skirmish,13.00461,77.700907,2 (2F),Female (dress and anatomy),Not transported,Buddhist -- possible Boddhisattva in top register,Unclear,"Moderately wealthy (necklaces, armlets, anklets)",RH; RH,Moderately elaborate,2,Not inscribed
79,Bengaluru Gokhale Institute1,12th-13th Century,Skirmish,12.939663,77.56678,1,"M (dress, anatomy)",Palanquin carried by apsaras,"Hindu (worship of shivalinga, Nandi Bull)",Unclear,"Royal rich??? -- jewels, attendants",RH,Elaborately carved,5,Inscribed
80,Bengaluru Gokhale Institute2,12th-13th Century,Skirmish,12.9396636,77.5667835,2 (2M),"M (dress, anatomy)",Palanquin carried by apsaras,"Hindu (worship of shivalinga, Nandi Bull)",Unclear,"Moderately wealthy (necklaces, armlets, anklets)",Ambidextrous; unclear,Elaborately carved,4,Inscribed
81,Bengaluru Jakkur 1,10th-11th Century,Self Sacrifice,13.078951,77.607183,2 (1M; 1F),"M, F (dress, anatomy)",Transportation not shown -- flanked by apsaras in heaven,Unclear,Unclear,"Moderately wealthy (necklaces, armlets, anklets)",M: unclear; F: RH,Moderately elaborate,3,Not inscribed
82,Bengaluru Panattur1,14th-15th Century,Sati (Veera Masti),12.933107,77.70714,2 (1M; 1F),"M, F (dress, anatomy)",Not transported,Unclear,Unclear,"Poor - no jewels, horses, parasols",M: RH; F: RH,Semi-moderate,1,Not inscribed
83,Bengaluru Sarakki1,14th-15th Century,Sati,12.911321,77.579994,6 (1M; 5F),"M, F (dress, anatomy)",Transportation not shown -- worshipping god in heaven,Hindu -- is the god Lord Shiva???,Unclear,"Poor - no jewels, horses, parasols","Unclear, unclear, unclear, unclear, unclear, unclear",Elaborately carved,2,Not inscribed
84,Bengaluru Shikaripalya1,16th-17th Century,Skirmish,12.833829,77.655336,2 (1M; 1F),"M, F (dress, anatomy)",Not transported,Unclear,Unclear,"Moderately wealthy (necklaces, armlets, anklets)","RH, RH",Poorly carved,1,Not inscribed
85,Bengaluru Srinivagilu1,8th-9th Century,Cattle Raiding,12.932406,77.640507,1,"M (dress, anatomy)",Transportation not shown -- flanked by apsaras in heaven,Unclear,Unclear,"Poor - no jewels, horses, parasols",Ambidextrous,Moderately elaborate,2,Inscribed
86,Bengaluru T Dasarahalli 1,8th-9th Century,Cattle Raiding,13.0427465,77.50988885,1,"M (dress, anatomy)",Not transported,Unclear,Unclear,"Moderately wealthy (necklaces, armlets, anklets)",Unclear,Moderately elaborate,1,Inscribed
87,Bengaluru T Dasarahalli 2,8th-9th Century,Cattle Raiding,13.0421009,77.5098781,1,"M (dress, anatomy)",Not transported,Unclear,Unclear,"Poor - no jewels, horses, parasols",Ambidextrous,Moderately elaborate,1,Inscribed
88,Bhaktipura1,15th-16th Century,Sati (Veera Masti),12.753772,77.761181,2 (1M; 1F),"M, F (dress, anatomy)",Not transported,Unclear,Unclear,"Moderately wealthy (necklaces, armlets, anklets)","RH, RH",Moderately elaborate,1,Not inscribed
89,Bhaktipura2,14th-15th Century,Unclear Cause,12.751964,77.763131,1,"M (dress, anatomy)",Not transported,Unclear,Unclear,"Poor - no jewels, horses, parasols",RH,Poorly carved,1,Not inscribed
90,Bheemanaguppe1,13th-14th Century,Skirmish,12.895492,77.435632,2 (1M; 1F),"M (dress, anatomy)",Transportation not shown,"Hindu (worship of shivalinga, Nandi Bull)",Dvija (caste thread),Moderately rich??? -- jewels,RH,Moderately elaborate,2,Not inscribed
91,Bidaraguppe1,14th-15th Century,Unclear Cause,12.803323,77.788443,2 (1M; 1F),"M, F (dress, anatomy)",Not transported,Unclear,Unclear,"Moderately wealthy (necklaces, armlets, anklets)",Unclear; unclear,Moderately elaborate,1,Not inscribed
92,Bidaraguppe2,14th-15th Century,Unclear Cause,12.80332,77.78844,"4 (2M, 2F)","M, F (dress, anatomy)",Not transported,Unclear,Unclear,"Moderately wealthy (necklaces, armlets, anklets)","Unclear, unclear, unclear, unclear",Moderately elaborate,1,Not inscribed
93,Bidaraguppe3,14th-15th Century,Unclear Cause,12.80332,77.78843,2 (2M),"M(dress, anatomy)",Not transported,Unclear,Unclear,Unclear,Unclear,Poorly carved,1,Not inscribed
94,Bidaraguppe4,14th-15th Century,Sati,12.80332,77.78843,2 (1M; 1F),"M, F (dress, anatomy)",Not transported,Unclear,Unclear,Unclear,Unclear,Poorly carved,1,Not inscribed
95,Bidaraguppe5,14th-15th Century,Unclear Cause,12.80332,77.78843,Unclear,Unclear,Unclear,Unclear,Unclear,Unclear,Unclear,Unclear,Unclear,Not inscribed
96,Bidaraguppe6,14th-15th Century,Sati,12.800938,77.790458,2 (1M; 1F),"M, F (dress, anatomy)",Not transported,Unclear,Unclear,Unclear,"RH, RH",Poorly carved,1,Not inscribed
97,Bikkanahalli1,13th-14th Century,Sati,12.836663,77.759621,"4 (1M, 3F)","M, F (dress, anatomy)",Transportation not shown -- flanked by apsaras in heaven,"Hindu (worship of shivalinga, Nandi Bull)",Dvija (caste thread),"Moderately wealthy (necklaces, armlets, anklets)","M: RH; F: unclear, unclear, unclear",Moderately elaborate,2,Not inscribed
98,Bisanahalli1,8th-9th Century,Cattle Raiding,13.009935,77.814322,1,"M (dress, anatomy)",Transportation not shown -- flanked by apsaras in heaven,Unclear,Unclear,"Poor - no jewels, horses, parasols",Ambidextrous,Semi-moderate,1 (both noble action and heaven shown on same panel),Inscribed
99,Bommandahalli1,13th-14th Century,Sati,12.754273,77.63684,2 (1M; 1F),"M, F (dress, anatomy)",Carried by arms by apsaras,"Hindu (worship of shivalinga, Nandi Bull)",Dvija (caste thread),"Moderately wealthy (necklaces, armlets, anklets)","RH, RH",Elaborately carved,3,Not inscribed
100,Bommandahalli2,15th-16th Century,Unclear Cause,12.7542701,77.636839,1,"M (dress, anatomy)",Not transported,Unclear,Unclear,"Moderately wealthy (necklaces, armlets, anklets)",RH,Poorly carved,1,Not inscribed
101,Bommenahalli1,15th-16th Century,Sati (Veera Masti),13.075613,77.7473258,3 (1M; 2F),"M, F (dress, anatomy)",Not transported,Unclear,Unclear,"Moderately wealthy (necklaces, armlets, anklets)",RH; RH; RH,Moderately elaborate,1,Not inscribed
102,Byagadenahalli1,10th-11th Century,Unclear Cause,12.746963,77.710919,1,"M (dress, anatomy)",Carried by arms by apsaras,Unclear,Unclear,"Moderately wealthy (necklaces, armlets, anklets)",Ambidextrous,Moderately elaborate,2,Not inscribed
103,Byalalu1,13th-14th Century,Cattle Raiding,12.891629,77.376675,3 (1M; 2F),"M, F (dress, anatomy)",Palanquin carried by apsaras,"Hindu (worship of shivalinga, Nandi Bull)",Unclear,Moderately rich??? -- jewels,RH; LH; unclear,Moderately elaborate,3,Not inscribed
104,Byregowdanahalli1,15th-16th Century,Sati (Veera Masti),13.062453,77.386346,2 (1M; 1F),"M, F (dress, anatomy)",Not transported,Unclear,Unclear,"Moderately wealthy (necklaces, armlets, anklets)",RH; unclear,Moderately elaborate,1,Not inscribed
105,Byregowdanahalli2,15th-16th Century,Sati (Veera Masti),13.062453,77.386346,2 (1M; 1F),"M, F (dress, anatomy)",Not transported,Unclear,Unclear,"Moderately wealthy (necklaces, armlets, anklets)",RH;  RH,Semi-moderate,1,Not inscribed
106,Byregowdanahalli3,15th-16th Century,Sati (Veera Masti),13.062453,77.386346,2 (1M; 1F),"M, F (dress, anatomy)",Not transported,Unclear,Unclear,"Moderately wealthy (necklaces, armlets, anklets)",RH; unclear,Semi-moderate,1,Not inscribed
107,Chikkabanavara1,15th-16th Century,Sati (Veera Masti),13.084016,77.502674,5 (1M; 4F),"M, F (dress, anatomy)",Not transported,Unclear,Unclear,"Moderately wealthy (necklaces, armlets, anklets)",F: RH; RH; RH; RH; M: Ambidextrous,Moderately elaborate,1,Not inscribed
108,Chikkahosahalli1,17th-18th Century,Sati,12.705242,77.646311,2 (2F),Female (dress and anatomy),Not transported,Unclear,Unclear,"Moderately wealthy (necklaces, armlets, anklets)",RH; RH,Moderately elaborate,1,Not inscribed
109,Chikkanahalli2,8th-9th Century,Unclear Cause,13.127854,77.912285,1,"M (dress, anatomy)",Not transported,Unclear,Unclear,"Poor - no jewels, horses, parasols",LH,Moderately elaborate,1,Inscribed
110,Cholanayakanahalli 1 (Magadi),13th-14th Century,Unclear Cause,12.9607097,77.359157,7 (1M; 6F),"M, F (dress, anatomy)",Transportation not shown,"Hindu (worship of shivalinga, Nandi Bull)",Unclear,"Poor - no jewels, horses, parasols",RH; RH; RH; RH; RH; RH; RH,Elaborately carved,,Not inscribed
111,Cholanayakanahalli 2 (Bengaluru South),13th-14th Century,Skirmish,12.960713,77.359152,1,"M (dress, anatomy)",Transportation not shown,"Hindu (worship of shivalinga, Nandi Bull)",Unclear,Moderately rich (jewels),RH,Elaborately carved,,Not inscribed
112,Cholanayakanahalli 2 (Magadi),13th-14th Century,Skirmish,12.9605215,77.35991249,1,"M (dress, anatomy)","Transportation not shown, but flanked by apsaras in heaven","Hindu (worship of shivalinga, Nandi Bull)",Unclear,Unclear,RH,Elaborately carved,,Not inscribed
113,Cholanayakanahalli1 (Bengaluru South),13th-14th Century,Sati,12.959485,77.355227,2 (1M; 1F),"M, F (dress, anatomy)",Not transported,Unclear,Unclear,Rich??? -- elaborately decorated horse for man,Unclear,,,Not inscribed
114,Cubbon Park1,14th-15th Century,Sati,12.9750278,77.5943889,1,Female (dress and anatomy),Not transported,Unclear,Unclear,"Moderately wealthy (necklaces, armlets, anklets)",RH,Semi-moderate,1,Not inscribed
115,Dabbaguli,13th-14th Century,Unclear Cause,12.895183,77.323004,1,"M (dress, anatomy)",Not transported,Unclear,Unclear,"Poor - no jewels, horses, parasols",Unclear,Semi-moderate,1,Not inscribed
116,Dabbaguli2,13th-14th Century,Tiger,12.89483,77.322557,1,"M (dress, anatomy)",Not transported,Unclear,Unclear,"Poor - no jewels, horses, parasols",Unclear,Poorly carved,1,Not inscribed
117,Dabbaguli3,13th-14th Century,Skirmish,12.89483,77.32255,1,"M (dress, anatomy)",Palanquin carried by apsaras,"Hindu (worship of shivalinga, Nandi Bull)",Unclear,"Moderately wealthy (necklaces, armlets, anklets)",RH,Moderately elaborate,3,Not inscribed
118,Dodda Bommasandra1,13th-14th Century,Unclear Cause,13.0631384,77.5671944,1,"M (dress, anatomy)",Not transported,Unclear,Unclear,"Royal rich -- decorated horse, jewels, parasols, attendants",RH,Moderately elaborate,2,Not inscribed
119,Dodda Gubbi1,13th-14th Century,Self Sacrifice,13.0701944,77.6743333,2 (2M),"M (dress, anatomy)",Not transported,Unclear,Unclear,Rich -- lots of jewels; headdress,RH; unclear,Moderately elaborate,1,Not inscribed
120,Dodda Nekkundi1,10th-11th Century,Sati (Veera Masti),12.9718611,77.6941729,2 (1M; 1F),"M, F (dress, anatomy)",Palanquin carried by apsaras,Unclear,Unclear,"Moderately wealthy (necklaces, armlets, anklets)",M: unclear; F: RH,Moderately elaborate,2,Not inscribed
121,Doddajala1,14th-15th Century,Sati (Veera Masti),13.175997,77.654138,2 (1M; 1F),"M, F (dress, anatomy)",Not transported,Unclear,Unclear,"Rich -- decorated horse, jewels",RH;  RH,Moderately elaborate,1,Not inscribed
122,Doddasanne1,9th-10th Century,Unclear Cause,13.23077,77.692967,1,"M (dress, anatomy)",Unclear,Unclear,Unclear,Unclear,Unclear,Semi-moderate,1,Not inscribed
123,Doddasanne2,9th-10th Century,Skirmish,13.2249788,77.6968091,1,"M (dress, anatomy)",Not transported,Unclear,Unclear,Rich -- horse and attendant,LH,Moderately elaborate,1,Not inscribed
124,Doddasanne3,9th-10th Century,Skirmish,13.2250206,77.6968091,Unclear,Unclear,Unclear,Unclear,Unclear,Unclear,Unclear,Unclear,1,Not inscribed
125,DoddaToguru1,9th-10th Century,Cattle Raiding,12.85205,77.65484,1,"M (dress, anatomy)",Not transported,Unclear,Unclear,"Poor - no jewels, horses, parasols",RH,Semi-moderate,1,Inscribed
126,DoddaToguru2,9th-10th Century,Skirmish,12.851905,77.656198,1,"M (dress, anatomy)",Transportation not shown -- flanked by apsaras in heaven,Unclear,Unclear,"Poor - no jewels, horses, parasols",RH,Moderately elaborate,2,Not inscribed
127,Dodderi1,13th-14th Century,Skirmish,12.866642,77.378214,1,"M (dress, anatomy)",Carried by arms by apsaras,"Hindu (worship of shivalinga, Nandi Bull)",Unclear,"Poor - no jewels, horses, parasols",Unclear,Elaborately carved,2,Not inscribed
128,Domlur1,13th-14th Century,Self Sacrifice,12.9622222,77.6362222,3 (3M),"M (dress, anatomy)",Not transported,Unclear,Unclear,"Moderately wealthy (necklaces, armlets, anklets)",Unclear; unclear; unclear,Elaborately carved,1,Not inscribed
129,Dommasandra1,14th-15th Century,Sati (Veera Masti),12.876077,77.753082,2 (1M; 1F),"M, F (dress, anatomy)",Not transported,Unclear,Unclear,"Moderately wealthy (necklaces, armlets, anklets)",RH; RH,Moderately elaborate,1,Not inscribed
130,Ganapathihalli1,13th-14th Century,Skirmish,12.917618,77.396506,1,"M (dress, anatomy)",Palanquin carried by apsaras,"Hindu (worship of shivalinga, Nandi Bull)",Unclear,"Poor - no jewels, horses, parasols",RH,Elaborately carved,3,Not inscribed
131,Gattahalli1,13th-14th Century,Sati (Veera Masti),12.870422,77.704133,2 (1M; 1F),"M, F (dress, anatomy)",Not transported,"Hindu (shivalinga, Nandi bull -- although heroes are not seen worshipping them)",Unclear,"Moderately wealthy (necklaces, armlets, anklets)",RH; RH,Elaborately carved,2,Not inscribed
132,Gaudahalli1,14th-15th Century,Skirmish,13.2323433,77.5207446,1,"M (dress, anatomy)",Not transported,Unclear,Unclear,"Poor - no jewels, horses, parasols",RH,Semi-moderate,1,Not inscribed
133,Gaudahalli2,14th-15th Century,Sati (Veera Masti),13.232342,77.520695,2 (1M; 1F),"M, F (dress, anatomy)",Not transported,Unclear,Unclear,"Moderately wealthy (necklaces, armlets, anklets)",RH; RH,Moderately elaborate,1,Not inscribed
134,Gaudahalli3,14th-15th Century,Sati (Veera Masti),13.232342,77.520695,2 (2F),Female (dress and anatomy),Not transported,Unclear,Unclear,"Moderately wealthy (necklaces, armlets, anklets)",RH; RH,Moderately elaborate,1,Not inscribed
135,Gaudahalli4,14th-15th Century,Sati,13.232342,77.520695,1,Female (dress and anatomy),Not transported,Unclear,Unclear,"Moderately wealthy (necklaces, armlets, anklets)",RH,Moderately elaborate,1,Not inscribed
136,Gaudahalli5,14th-15th Century,Unclear Cause,13.232342,77.520695,1,"M (dress, anatomy)",Not transported,Unclear,Unclear,"Moderately wealthy (necklaces, armlets, anklets)",RH,Moderately elaborate,1,Not inscribed
137,Gaudahalli6,14th-15th Century,Sati (Veera Masti),13.232342,77.5207178,2 (1M; 1F),"M, F (dress, anatomy)",Not transported,Unclear,Unclear,"Moderately wealthy (necklaces, armlets, anklets)",RH; RH,Semi-moderate,1,Not inscribed
138,Gaudahalli7,14th-15th Century,Sati (Veera Masti),13.2323133,77.5207312,2 (1M; 1F),"M, F (dress, anatomy)",Not transported,Unclear,Unclear,"Moderately wealthy (necklaces, armlets, anklets)",RH; RH,Moderately elaborate,1,Not inscribed
139,Geddalahalli (RMV 2nd Stage)1,8th-9th Century,Unclear Cause,13.0305278,77.5747778,2 (2M),"M (dress, anatomy)",Carried by arms by apsaras,Unclear,Unclear,"Poor - no jewels, horses, parasols",Ambidextrous,Moderately elaborate,2,Not inscribed
140,Gulakamale1,13th-14th Century,Skirmish,12.8021105,77.5303169,1,"M (dress, anatomy)",Transportation not shown,Unclear,Unclear,"Poor - no jewels, horses, parasols",RH,Moderately elaborate,,Inscribed
141,Gulakamale2,14th-15th Century,Skirmish,12.8021115,77.530318,1,"M (dress, anatomy)","Flanked by apsaras (no contact, all folded hands)","Hindu (worship of shivalinga, Nandi Bull)",Unclear,"Moderately wealthy (necklaces, armlets, anklets)",RH,Moderately elaborate,,Not inscribed
142,Halasuru,15th-16th Century,Unclear Cause,12.975647,77.623117,1,"M (dress, anatomy)",Not transported,Hindu (presence of club marked with the three white lines),Unclear,Moderately rich (jewels),RH,Moderately elaborate,1,Not inscribed
143,Handenahalli1,10th-11th Century,Self Sacrifice,12.824232,77.761923,2 (1M; 1F),"M, F (dress, anatomy)",Transportation not shown -- flanked by apsaras in heaven,Apparently Hindu,Dvija (caste thread),"Moderately wealthy (necklaces, armlets, anklets)",Unclear,Moderately elaborate,2,Inscribed
144,Handenahalli3,15th-16th Century,Sati (Veera Masti),12.825784,77.766669,2 (1M; 1F),"M, F (dress, anatomy)",Not transported,Unclear,Unclear,"Moderately wealthy (necklaces, armlets, anklets)",M: ambidextrous; F: LH,Moderately elaborate,1,Not inscribed
145,Handenahalli4,15th-16th Century,Sati,12.825764,77.766614,2 (1M; 1F),"M, F (dress, anatomy)",Not transported,Unclear,Unclear,"Moderately wealthy (necklaces, armlets, anklets)",M: RH; F: unclear,Moderately elaborate,1,Not inscribed
146,Haragadde1,15th-16th Century,Unclear Cause,12.762668,77.654502,1,"M (dress, anatomy)",Not transported,Unclear,Unclear,"Moderately wealthy (necklaces, armlets, anklets)",RH,Moderately elaborate,,Not inscribed
147,Harohalli1,15th-16th Century,Unclear Cause,13.133175,77.577061,1,"M (dress, anatomy)",Not transported,Unclear,Unclear,"Moderately wealthy (necklaces, armlets, anklets)",Unclear,Moderately elaborate,1,Not inscribed
148,Harohalli2,15th-16th Century,Sati (Veera Masti),13.133253,77.576994,2 (1M; 1F),"M, F (dress, anatomy)",Not transported,Likely Hindu???,Dvija (caste thread),"Moderately wealthy (necklaces, armlets, anklets)",M: Ambidextrous; F: LH ,Moderately elaborate,1,Not inscribed
149,Harohalli3,15th-16th Century,Sati (Veera Masti),13.1332389,77.5769928,3 (1M; 2F),"M, F (dress, anatomy)",Not transported,Unclear,Unclear,"Moderately wealthy (necklaces, armlets, anklets)","M: Ambidextrous; F: LH, LH ",Moderately elaborate,1,Not inscribed
150,Harugadde1,15th-16th Century,Sati,12.7626637,77.654501,2 (1M; 1F),"M, F (dress, anatomy)",Not transported,Unclear,Unclear,Rich -- lots of jewels,"RH, unclear",Moderately elaborate,,Not inscribed
151,Hebbagodi1,8th-9th Century,Cattle Raiding,12.824329,77.673378,1,"M (dress, anatomy)",Transportation not shown -- flanked by apsaras in heaven,Unclear,Unclear,"Poor - no jewels, horses, parasols",RH,Poorly carved,1,Inscribed
152,Hebbala1,8th-9th Century,Town Defense,13.0404265,77.5912069,1,"M (dress, anatomy)",Not transported,Unclear,Unclear,"Poor - no jewels, horses, parasols",Ambidextrous,Moderately elaborate,1,Inscribed
153,Huchcharayana Palya1,10th-11th Century,Tiger,12.766016,77.53831,2 (2M),"M (dress, anatomy)",Not transported,Unclear,Unclear,"Poor - no jewels, horses, parasols",RH; LH,Moderately elaborate,1,Not inscribed
154,Huchcharayana Palya2,10th-11th Century,Cattle Raiding,12.76601,77.53831,2 (2M),"M (dress, anatomy)",Not transported,Unclear,Unclear,"Poor - no jewels, horses, parasols",RH; LH,Moderately elaborate,1,Not inscribed
155,Hulimangala1,14th-15th Century,Sati,12.81879,77.6372617,2 (1M; 1F),"M, F (dress, anatomy)",Not transported,Unclear,Unclear,"Poor - no jewels, horses, parasols","RH, RH",Moderately elaborate,1,Not inscribed
156,Hyadalu1,9th-10th Century,Unclear Cause,13.14143,77.411215,Unclear,Unclear,Unclear,Unclear,Unclear,Unclear,Unclear,Unclear,Unclear,Not inscribed
157,Hyadalu2,9th-10th Century,Cattle Raiding,13.14143,77.411215,1,"M (dress, anatomy)",Not transported,Unclear,Unclear,"Poor - no jewels, horses, parasols",Ambidextrous,Moderately elaborate,1,Not inscribed
158,Hyadalu3,9th-10th Century,Skirmish,13.14143,77.411215,1,"M (dress, anatomy)",Transportation not shown -- flanked by apsaras in heaven,"Hindu (worship of shivalinga, Nandi Bull)",Unclear,"Poor - no jewels, horses, parasols",RH,Moderately elaborate,2,Not inscribed
159,Hyadalu4,13th-14th Century,Unclear Cause,13.141042,77.411723,1,"M (dress, anatomy)",Palanquin carried by apsaras,"Hindu (worship of shivalinga, Nandi Bull)",Unclear,"Poor - no jewels, horses, parasols",LH,Moderately elaborate,2,Not inscribed
160,Hyadalu5,9th-10th Century,Boar Hunting,13.141042,77.411723,1,"M (dress, anatomy)",Not transported,"Hindu (worship of shivalinga, Nandi Bull)",Unclear,"Poor - no jewels, horses, parasols",RH,Semi-moderate,1,Not inscribed
161,Ibbaluru1,14th-15th Century,Sati (Veera Masti),12.92145,77.661597,2 (1M; 1F),"M, F (dress, anatomy)",Not transported,Unclear,Unclear,"Moderately wealthy (necklaces, armlets, anklets)",M: Unclear; F: RH,Moderately elaborate,1,Not inscribed
162,Immadihalli1,14th-15th Century,Kuruba,12.9651667,77.7565278,4 (1M; 3F),"M, F (dress, anatomy)",Not transported,Unclear,Unclear,"Moderately wealthy (necklaces, armlets, anklets)","M: RH; F: unclear, unclear, RH",Moderately elaborate,1,Not inscribed
163,Indian Institute of Science1,10th-11th Century,Tiger,13.0205278,77.5695278,1,Not visible (only bow and arrow),Not transported,Unclear,Unclear,Unclear,RH,Semi-moderate,1,Not inscribed
164,Indlavadi,14th-15th Century,Unclear Cause,12.726214,77.626161,1,"M (dress, anatomy)",Not transported,Unclear,Unclear,Unclear,Unclear,Poorly carved,1,Not inscribed
165,Jakkasandra1,14th-15th Century,Unclear Cause,13.085707,77.386733,1,"M (dress, anatomy)",Not transported,Unclear,Unclear,"Poor - no jewels, horses, parasols",RH,Moderately elaborate,1,Not inscribed
166,Jakkur Telicom Layout 1,14th-15th Century,Unclear Cause,13.067294,77.616161,1,"M (dress, anatomy)",Not transported,Unclear,Unclear,"Poor - no jewels, horses, parasols",Unclear,Semi-moderate,1,Not inscribed
167,Junnasandra,16th-17th Century,Sati (Veera Masti),12.9078643,77.6835242,2 (1M; 1F),"M, F (dress, anatomy)",Not transported,Unclear,Unclear,Unclear,RH; unclear,Semi-moderate,1,Not inscribed
168,Kadajakkanahalli1,15th-16th Century,Unclear Cause,12.748098,77.635473,1,"M (dress, anatomy)",Not transported,Unclear,Unclear,"Moderately wealthy (necklaces, armlets, anklets)",RH,Poorly carved,1,Not inscribed
169,Kadatanamale1,15th-16th Century,Unclear Cause,13.210868,77.54546,1,"M (dress, anatomy)",Not transported,Unclear,Unclear,"Moderately wealthy (necklaces, armlets, anklets)",RH,Semi-moderate,1,Not inscribed
170,Kaikondrahalli1,9th-10th Century,Uralivu (Attack on village),12.9107222,77.6806944,1,"M (dress, anatomy)",Not transported,Unclear,Unclear,"Poor - no jewels, horses, parasols",RH,Semi-moderate,1,Inscribed
171,Kengeri1,13th-14th Century,Sati,12.90484,77.489598,4 (4M),"M,F (dress, anatomy)",Carried by arms by apsaras,"Hindu (worship of shivalinga, Nandi Bull)",Unclear,"Poor - no jewels, horses, parasols",RH; unclear; unclear; unclear,Elaborately carved,3,Not inscribed
172,Kerechudanahalli1,14th-15th Century,Skirmish,12.782106,77.489623,1,"M (dress, anatomy)",Transportation not shown,"Hindu (worship of shivalinga, Nandi Bull)",Unclear,"Poor - no jewels, horses, parasols",Ambidextrous,Moderately elaborate,3,Not inscribed
173,Kethohalli1,9th-10th Century,Cattle Raiding,12.906216,77.400446,1,"M (dress, anatomy)",Carried by arms by apsaras,"Hindu (worship of shivalinga, Nandi Bull)",Unclear,"Poor - no jewels, horses, parasols",RH,Moderately elaborate,3,Not inscribed
174,Kethohalli2,9th-10th Century,Unclear Cause,12.906216,77.400446,Unclear,Unclear,Unclear,Unclear,Unclear,Unclear,Unclear,Unclear,Unclear,Not inscribed
175,Kitiganur1,9th-10th Century,Cattle Raiding,13.032791,77.709131,1,"M (dress, anatomy)",Transportation not shown -- flanked by apsaras in heaven,Unclear,Unclear,"Moderately wealthy (necklaces, armlets, anklets)",RH,Moderately elaborate,1,Not inscribed
176,Kitiganur2,9th-10th Century,Cattle Raiding,13.0328197,77.7091109,1,"M (dress, anatomy)",Not transported,Unclear,Unclear,"Moderately wealthy (necklaces, armlets, anklets)",RH,Moderately elaborate,1,Not inscribed
177,Kitiganur3,9th-10th Century,Skirmish,13.0328054,77.7091726,1,"M (dress, anatomy)",Carried by arms by apsaras,"Hindu (worship of shivalinga, Nandi Bull)",Unclear,"Moderately wealthy (necklaces, armlets, anklets)",RH,Moderately elaborate,2,Not inscribed
178,Kittanahalli1,10th-11th Century,Cattle Raiding,13.00835,77.403326,1,"M (dress, anatomy)",Transportation not shown,Hindu (surrounded by apsaras in heaven),Unclear,"Poor - no jewels, horses, parasols",Ambidextrous,Moderately elaborate,2,Not inscribed
179,Kittanahalli2,10th-11th Century,Tiger,13.00835,77.403326,1,"M (dress, anatomy)",Not transported,Unclear,Unclear,"Moderately rich??? -- necklace, earrings, armlets, bracelets",RH,Moderately elaborate,1,Not inscribed
180,Kodigehalli1,15th-16th Century,Sati (Veera Masti),13.065,77.5736389,2 (1M; 1F),"M, F (dress, anatomy)",Transportation not shown -- but both in heaven,"Hindu (worship of shivalinga, Nandi Bull)",Unclear,"Moderately wealthy (necklaces, armlets, anklets)",RH; unclear,Moderately elaborate,2,Not inscribed
181,Kodigehalli2,16th-17th Century,Unclear Cause,13.0576944,77.5768056,1,Ambiguous gender (veil),Not transported,Possibly Hindu -- temple façade on top???,Unclear,"Moderately wealthy (necklaces, armlets, anklets)",RH,Moderately elaborate,1,Not inscribed
182,Kodihalli1,15th-16th Century,Sati (Veera Masti),13.188858,77.454072,2 (1M; 1F),"M, F (dress, anatomy)",Not transported,Unclear,Unclear,"Moderately wealthy (necklaces, armlets, anklets)",RH; RH,Moderately elaborate,1,Not inscribed
183,Kodihalli2,15th-16th Century,Sati (Veera Masti),13.188858,77.454072,2 (1M; 1F),"M, F (dress, anatomy)",Not transported,Unclear,Unclear,"Moderately wealthy (necklaces, armlets, anklets)",RH; LH,Moderately elaborate,1,Not inscribed
184,Kodihalli3,15th-16th Century,Sati (Veera Masti),13.188858,77.454072,4 (1M; 3F),"M, F (dress, anatomy)",Not transported,Unclear,Unclear,"Royal rich -- decorated horse, jewels, parasol",RH; RH; RH; RH,Moderately elaborate,1,Not inscribed
185,Kolipura1,15th-16th Century,Sati (Veera Masti),13.169006,77.656886,2 (1M; 1F),"M, F (dress, anatomy)",Not transported,Unclear,Unclear,"Moderately wealthy (necklaces, armlets, anklets)",RH; unclear,Moderately elaborate,1,Not inscribed
186,Kothnur1,16th-17th Century,Sati (Veera Masti),12.8763889,77.5771944,2 (1M; 1F),"M, F (dress, anatomy)",Not transported,Unclear,Unclear,"Poor - no jewels, horses, parasols",Ambidextrous; RH,Semi-moderate,1,Not inscribed
187,Krishnarajapura (now in the Bangalore Museum)1,8th-9th Century,Uralivu (Attack on village),12.9747,77.596388,1,"M (dress, anatomy)",Not transported,Unclear,Unclear,"Poor - no jewels, horses, parasols",Ambidextrous; RH,Moderately elaborate,1,Inscribed
188,Kuguru1,14th-15th Century,Unclear Cause,12.909758,77.809906,1,"M (dress, anatomy)",Not transported,Unclear,Unclear,"Moderately wealthy (necklaces, armlets, anklets)",Ambidextrous,Poorly carved,1,Not inscribed
189,Kuguru2,14th-15th Century,Unclear Cause,12.909752,77.81002,2 (1M; 1F),"M (dress, anatomy)",Not transported,Unclear,Unclear,"Moderately wealthy (necklaces, armlets, anklets)",RH; ambidextrous,Poorly carved,1,Not inscribed
190,Kuguru3,9th-10th Century,Cattle Raiding,12.911772,77.813722,1,"M (dress, anatomy)",Not transported,Unclear,Unclear,"Poor - no jewels, horses, parasols",Ambidextrous,Moderately elaborate,1,Inscribed
191,Kuguru4,9th-10th Century,Skirmish,12.911315,77.815142,Unclear,Unclear,Unclear,Unclear,Unclear,Unclear,Unclear,Unclear,1,Inscribed
192,Kurudusonnenahalli1,10th-11th Century,Unclear Cause,13.0189697,77.7243847,2 (2M),"M (dress, anatomy)",Transportation not shown -- flanked by apsaras in heaven,Unclear,Unclear,"Moderately wealthy (necklaces, armlets, anklets)",Ambidextrous; ambidextrous,Moderately elaborate,2,Not inscribed
193,Kurudusonnenahalli2,10th-11th Century,Unclear Cause,13.01896,77.72438,1,"M (dress, anatomy)",Transportation not shown -- flanked by apsaras in heaven,Unclear,Unclear,"Moderately wealthy (necklaces, armlets, anklets)",Ambidextrous,Moderately elaborate,2,Not inscribed
194,Kurudusonnenahalli3,9th-10th Century,Uralivu (Attack on village),13.018974,77.7243844,1,"M (dress, anatomy)",Transportation not shown -- flanked by apsaras in heaven,Unclear,Unclear,"Moderately wealthy (necklaces, armlets, anklets)",RH,Elaborately carved,2,Inscribed
195,Madapatna1,16th-17th Century,Kuruba,12.934193,77.35832,1,"M (dress, anatomy)",Not transported,Unclear,Unclear,"Poor - no jewels, horses, parasols",RH,Poorly carved,1,Not inscribed
196,Madapatna2,16th-17th Century,Kuruba,12.934259,77.358189,Unclear,Unclear,Unclear,Unclear,Unclear,Unclear,Unclear,Unclear,Unclear,Not inscribed
197,Madapatna3,16th-17th Century,Kuruba,12.934259,77.358189,3 (1M; 2F),"M, F (dress, anatomy)",Transportation not shown,"Hindu (worship of shivalinga, Nandi Bull)",Unclear,"Poor - no jewels, horses, parasols",RH,Poorly carved,2,Not inscribed
198,Madapatna4,15th-16th Century,Sati (Veera Masti),12.934193,77.35832,3 (1M; 2F),"M, F (dress and anatomy)",Transportation not shown,"Hindu (worship of shivalinga, Nandi Bull)",Unclear,"Poor - no jewels, horses, parasols",RH,Moderately elaborate,3,Not inscribed
199,Madapatna5,15th-16th Century,Sati (Veera Masti),12.934193,77.35832,3 (1M; 2F),"M, F (dress, anatomy)",Not transported,Unclear,Unclear,"Poor - no jewels, horses, parasols",RH,Poorly carved,1,Not inscribed
200,Madivala (BTM)1,10th-11th Century,Tiger,12.9167222,77.61525,Unclear,Unclear,Unclear,Unclear,Unclear,Unclear,Unclear,Poorly carved,1,Not inscribed
201,Mahalchowdadenahalli,15th-16th Century,Unclear Cause,12.873065,77.807995,"3 (1M, 2F)","M, F (dress, anatomy)",Not transported,"Hindu (worship of shivalinga, Nandi bull)",Unclear,Rich -- lots of jewels,RH; LH; RH,Elaborately carved,1,Not inscribed
202,Manchanahalli1,9th-10th Century,Skirmish,12.76874,77.758674,1,"M (dress, anatomy)",Not transported,Unclear,Dvija (caste thread),"Poor - no jewels, horses, parasols",RH,Moderately elaborate,1,Not inscribed
203,Manchenalli1,15th-16th Century,Unclear Cause,12.769039,77.754217,1,"M (dress, anatomy)",Not transported,Hindu (trishul???),Unclear,"Poor - no jewels, horses, parasols",Ambidextrous,Moderately elaborate,1,Not inscribed
204,Manchenalli2,15th-16th Century,Unclear Cause,12.769107,77.754852,1,"M (dress, anatomy)",Not transported,Unclear,Unclear,"Poor - no jewels, horses, parasols",RH,Moderately elaborate,1,Not inscribed
205,Manchenalli3,15th-16th Century,Unclear Cause,12.7691,77.753257,1,"M (dress, anatomy)",Not transported,Hindu (trishul???),Unclear,"Moderately wealthy (necklaces, armlets, anklets)",Ambidextrous,Moderately elaborate,1,Not inscribed
206,Mandur1,14th-15th Century,Unclear Cause,13.083495,77.736889,1,"M (dress, anatomy)",Transportation not shown but in heaven near apsara,"Hindu (worship of shivalinga, Nandi Bull)",Unclear,"Royal rich -- decorated horse, jewels, parasols, attendants",RH,Elaborately carved,1,Not inscribed
207,Maranagere1,14th-15th Century,Unclear Cause,12.881571,77.851209,"3 (1M, 2F)","M, F (dress, anatomy)",Not transported,"Hindu (worship of shivalinga, Nandi bull)",Unclear,"Rich -- headband, lots of jewels",Ambidextrous; ambidextrous; ambidextrous,Elaborately carved,1,Not inscribed
208,Maranayakanahalli1,8th-9th Century,Unclear Cause,13.168685,77.649676,1,"M (dress, anatomy)",Not transported,Unclear,Unclear,"Poor - no jewels, horses, parasols",RH,Semi-moderate,1,Inscribed
209,Maranayakanahalli2,8th-9th Century,Cattle Raiding,13.1687307,77.6497149,1,"M (dress, anatomy)",Not transported,Unclear,Unclear,"Moderately wealthy (necklaces, armlets, anklets)",Ambidextrous,Moderately elaborate,1,Inscribed
210,Marasuru Madivala1,9th-10th Century,Skirmish,12.761743,77.72385,2 (1M; 1F),"M, F (dress, anatomy)",Not transported,Unclear,Unclear,Unclear,"RH, RH",Poorly carved,1,Inscribed
211,Marasuru Madivala2,10th-11th Century,Skirmish,12.76173,77.72384,1,"M (dress, anatomy)",Not transported,Unclear,Unclear,"Moderately wealthy (necklaces, armlets, anklets)",RH,Moderately elaborate,1,Not inscribed
212,Marasuru Madivala3,15th-16th Century,Sati (Veera Masti),12.763366,77.723591,2 (1M; 1F),"M, F (dress, anatomy)",Not transported,Apparently Hindu,Dvija (caste thread),"Moderately wealthy (necklaces, armlets, anklets)","RH, RH",Moderately elaborate,1,Not inscribed
213,Marasuru Madivala4,10th-11th Century,Skirmish,12.76173,77.72384,1,"M (dress, anatomy)",Transportation not shown -- flanked by apsaras in heaven,Unclear,Unclear,"Moderately wealthy (necklaces, armlets, anklets)",Ambidextrous,Moderately elaborate,2,Inscribed
214,Marasuru1,14th-15th Century,Sati,12.764323,77.727801,2 (1M; 1F),"M, F (dress, anatomy)",Transportation not shown -- flanked by apsaras in heaven,Unclear,Unclear,"Moderately wealthy (necklaces, armlets, anklets)","RH, RH",Moderately elaborate,,Not inscribed
215,Mattanahalli,14th-15th Century,Sati (Veera Masti),12.870961,77.829892,2 (1M; 1F),"M, F (dress, anatomy)",Not transported,Unclear,Unclear,"Poor - no jewels, horses, parasols",RH; unclear,Semi-moderate,1,Not inscribed
216,Mayasandra 1 (Anekal Taluk),9th-10th Century,Skirmish,12.747221,77.742435,1,"M (dress, anatomy)",Transportation not shown -- flanked by apsaras in heaven,Unclear,Unclear,"Poor - no jewels, horses, parasols",RH,Moderately elaborate,1,Not inscribed
217,Medahalli1,9th-10th Century,Cattle Raiding,13.028916,77.722887,1,"M (dress, anatomy)",Transportation not shown -- flanked by apsaras in heaven,Unclear,Unclear,"Moderately wealthy (necklaces, armlets, anklets)",RH,Moderately elaborate,2,Not inscribed
218,Mutsandra1,14th-15th Century,Skirmish,12.76382,77.745393,1,"M (dress, anatomy)",Not transported,Unclear,Unclear,Rich -- horse and attendant,RH,Moderately elaborate,1,Not inscribed
219,Nadagowda Gollahalli 1 (Bangalore East),9th-10th Century,Skirmish,13.079684,77.675412,1,"M (dress, anatomy)",Transportation not shown -- flanked by apsaras in heaven,Unclear,Unclear,"Poor - no jewels, horses, parasols",RH,Moderately elaborate,1,Not inscribed
220,Nadagowda Gollahalli 1 (Devanahalli),14th-15th Century,Unclear Cause,13.081332,77.676491,1,"M (dress, anatomy)",Not transported,Unclear,Unclear,"Poor - no jewels, horses, parasols",RH,Semi-moderate,1,Not inscribed
221,Nadagowda Gollahalli 2 (Bangalore East),9th-10th Century,Skirmish,13.0796856,77.6754127,1,"M (dress, anatomy)",Transportation not shown -- flanked by apsaras in heaven,Unclear,Unclear,"Poor - no jewels, horses, parasols",RH,Moderately elaborate,2,Not inscribed
222,NadagowdaGollahalli1,9th-10th Century,Skirmish,13.079684,77.675412,1,"M (dress, anatomy)",Transportation not shown -- flanked by apsaras in heaven,Unclear,Unclear,"Poor - no jewels, horses, parasols",RH,Moderately elaborate,2,Inscribed
223,NadagowdaGollahalli2,9th-10th Century,Skirmish,13.0796856,77.675414,2 (1M; 1F),"M, F (dress, anatomy)",Not transported,Unclear,Unclear,"Royal rich -- jewels, horse, attendant, parasol",RH; RH,Moderately elaborate,1,Inscribed
224,Nagamangala1,13th-14th Century,Skirmish,13.216711,77.618338,2 (2M),"M (dress, anatomy)",Carried by arms by apsaras,"Hindu (worship of shivalinga, Nandi Bull)",Unclear,"Moderately wealthy (necklaces, armlets, anklets)",RH; RH,Moderately elaborate,3,Not inscribed
225,Nagasandra1,10th-11th Century,Cattle Raiding,13.0403333,77.4992778,1,"M (dress, anatomy)",Carried by arms by apsaras,Unclear,Unclear,"Poor - no jewels, horses, parasols",RH,Moderately elaborate,1,Not inscribed
226,Nelaguli1,14th-15th Century,Skirmish,12.774531,77.48834,1,"M (dress, anatomy)",Transportation not shown,"Hindu (worship of shivalinga, Nandi Bull)",Unclear,"Poor - no jewels, horses, parasols",Unclear,Moderately elaborate,1,Not inscribed
227,Neraluru2,16th-17th Century,Skirmish,12.796633,77.732579,2 (2M),"M (dress, anatomy)",Not transported,Unclear,Unclear,"Moderately wealthy (necklaces, armlets, anklets)",RH; RH,Poorly carved,1,Not inscribed
228,Neraluru3,14th-15th Century,Boar Hunting,12.79666,77.728322,Dog,No representation,No representation,No representation,No representation,No representation,No representation,Moderately elaborate,1,Not inscribed
229,NMKRV College1,15th-16th Century,Kuruba,12.9324444,77.5810833,2 (1M; 1F),"M, F (dress, anatomy)",Not transported,Unclear,Unclear,Rich -- lots of jewels,M: RH; F: LH,Moderately elaborate,1,Not inscribed
230,Peddanapalya1,14th-15th Century,Sati (Veera Masti),12.963867,77.389103,2 (1M; 1F),"M, F (dress, anatomy)",Not transported,Unclear,Unclear,"Poor - no jewels, horses, parasols","RH, RH",Moderately elaborate,1,Not inscribed
231,Rahuthanahalli1,14th-15th Century,Skirmish,13.027844,77.415831,2 (2M),"M, M (dress, anatomy)",Not transported,Unclear,Unclear,"Poor - no jewels, horses, parasols",Ambidextrous; ambidextrous,Semi-moderate,1,Not inscribed
232,Raj Bhavan (Now in Museum)1,15th-16th Century,Sati (Veera Masti),12.97475,77.5957778,4 (1M; 1F; 2 children),"M, F (dress, anatomy)",Not transported,Unclear,Unclear,"Moderately wealthy (necklaces, armlets, anklets)",M: LH; F: RH; RH; RH,Moderately elaborate,1,Not inscribed
233,Ramasandra1,15th-16th Century,Sati,12.944422,77.466967,2 (1M; 1F),"M, F (dress, anatomy)",Not transported,Unclear,Unclear,Moderately rich??? -- jewels,RH; RH,Moderately elaborate,1,Not inscribed
234,Sabmangala1,14th-15th Century,Unclear Cause,12.70496,77.729917,1,"M (dress, anatomy)",Not transported,Unclear,Unclear,"Moderately wealthy (necklaces, armlets, anklets)",RH,Moderately elaborate,1,Not inscribed
235,Sabmangala2,14th-15th Century,Unclear Cause,12.70496,77.729917,1,"M (dress, anatomy)",Not transported,Unclear,Unclear,"Poor - no jewels, horses, parasols",RH,Poorly carved,1,Not inscribed
236,Sabmangala3,15th-16th Century,Sati,12.705035,77.7299455,3 (3F),Female (dress and anatomy),Not transported,Unclear,Unclear,"Poor - no jewels, horses, parasols",RH; RH; RH,Moderately elaborate,1,Not inscribed
237,Sadenahalli1,13th-14th Century,Boar Hunting,13.194355,77.573057,Dog,No representation,No representation,No representation,No representation,No representation,No representation,Moderately elaborate,1,Inscribed
238,Sadenahalli2,10th-11th Century,Skirmish,13.194355,77.573057,1,"M (dress, anatomy)",Not transported,Unclear,Unclear,"Poor - no jewels, horses, parasols",RH,Moderately elaborate,1,Not inscribed
239,Sakalavara,8th-9th Century,Tiger,12.822248,77.6099,1,"M (dress, anatomy)",Transportation not shown,Unclear,Unclear,"Poor - no jewels, horses, parasols",RH,Moderately elaborate,1,Inscribed
240,Sampanigiram Nagar (Sri Sampigehalli Beereshwara Swamy)1,16th-17th Century,Kuruba,12.9677222,77.5960278,2 (1M; 1F),"M, F (dress, anatomy)",Not transported,Unclear,Unclear,Moderately wealthy,RH; LH,Elaborately carved,1,Not inscribed
241,Sarjapura1,10th-11th Century,Skirmish,12.859811,77.784832,1,"M (dress, anatomy)",Transportation not shown -- flanked by apsaras in heaven,Unclear,Unclear,"Moderately wealthy (necklaces, armlets, anklets)",RH,Semi-moderate,1,Not inscribed
242,Sarjapura10,14th-15th Century,Unclear Cause,12.855279,77.785067,1,"M (dress, anatomy)",Not transported,Hindu (Nandi bull on top of sculpture),Unclear,"Rich (hero on horse, elaborate weapon)",RH,Elaborately carved,2,Not inscribed
243,Sarjapura2,14th-15th Century,Sati,12.8557681,77.7886285,"3 (1M, 2F)","M, F (dress, anatomy)",Not transported,Unclear,Unclear,Rich -- lots of jewels; horse which is decorated,RH; unclear; unclear,Elaborately carved,2,Not inscribed
244,Sarjapura3,15th-16th Century,Sati (Veera Masti),12.855471,77.785,3 (1M; 2F),"M, F (dress, anatomy)",Not transported,Unclear,Unclear,"Moderately wealthy (necklaces, armlets, anklets)",RH; RH; RH,Moderately elaborate,1,Not inscribed
245,Sarjapura4,15th-16th Century,Sati,12.855471,77.785,1,Female (dress and anatomy),Not transported,Unclear,Unclear,"Moderately wealthy (necklaces, armlets, anklets)",Unclear,Moderately elaborate,1,Not inscribed
246,Sarjapura5,15th-16th Century,Sati,12.855471,77.785,1,Female (dress and anatomy),Not transported,Unclear,Not transported,Unclear,Unclear,Semi-moderate,1,Not inscribed
247,Sarjapura6,15th-16th Century,Sati,12.855471,77.785,2 (1M; 1F),"M, F (dress, anatomy)",Not transported,Unclear,Unclear,"Moderately wealthy (necklaces, armlets, anklets)","RH, RH",Semi-moderate,1,Not inscribed
248,Sarjapura7,15th-16th Century,Sati (Veera Masti),12.8554318,77.7850134,"4 (2M, 2F)","M, F (dress, anatomy)",Not transported,Unclear,Unclear,"Moderately wealthy (necklaces, armlets, anklets)","M: RH, RH; F: RH, LH",Moderately elaborate,1,Not inscribed
249,Sarjapura8,15th-16th Century,Sati (Veera Masti),12.855857,77.784893,2 (1M; 1F),"M, F (dress, anatomy)",Not transported,Unclear,Unclear,"Moderately wealthy (necklaces, armlets, anklets)",RH; RH,Semi-moderate,1,Not inscribed
250,Sarjapura9,15th-16th Century,Sati (Veera Masti),12.8554318,77.7850134,"4 (2M, 2F)","M, F (dress, anatomy)",Not transported,Unclear,Unclear,"Moderately wealthy (necklaces, armlets, anklets)","M: RH, RH; F: RH, LH",Moderately elaborate,1,Not inscribed
251,Satanuru_Yelahanka1,14th-15th Century,Unclear Cause,13.132278,77.648137,1,"M (dress, anatomy)",Not transported,Unclear,Unclear,"Rich??? -- horse, but also few jewels (armlets, anklets)",Ambidextrous,Moderately elaborate,1,Not inscribed
252,Sidihosakote1,15th-16th Century,Skirmish,12.733065,77.690942,1,"M (dress, anatomy)",Not transported,Unclear,Unclear,"Poor - no jewels, horses, parasols",Ambidextrous,Semi-moderate,1,Not inscribed
253,Sidihosakote10,15th-16th Century,Sati (Veera Masti),12.7294631,77.6879635,2 (1M; 1F),"M, F (dress, anatomy)",Not transported,Unclear,Unclear,Unclear,Unclear; unclear,Semi-moderate,1,Not inscribed
254,Sidihosakote11,15th-16th Century,Unclear Cause,12.7295469,77.6876845,1,"M (dress, anatomy)",Not transported,Unclear,Unclear,"Moderately wealthy (necklaces, armlets, anklets)",RH,Moderately elaborate,1,Not inscribed
255,Sidihosakote12,15th-16th Century,Unclear Cause,12.7294841,77.6880815,1,"M (dress, anatomy)",Not transported,Unclear,Unclear,"Moderately wealthy (necklaces, armlets, anklets)",Ambidextrous,Semi-moderate,1,Not inscribed
256,Sidihosakote13,15th-16th Century,Sati (Veera Masti),12.7294108,77.6881673,2 (1M; 1F),"M, F (dress, anatomy)",Not transported,Unclear,Unclear,"Moderately wealthy (necklaces, armlets, anklets)",Ambidextrous; ambidextrous,Moderately elaborate,1,Not inscribed
257,Sidihosakote14,15th-16th Century,Sati (Veera Masti),12.7294945,77.6878991,2 (1M; 1F),"M, F (dress, anatomy)",Not transported,Unclear,Unclear,"Moderately wealthy (necklaces, armlets, anklets)",RH; RH,Semi-moderate,1,Not inscribed
258,Sidihosakote15,15th-16th Century,Sati (Veera Masti),12.7294527,77.6877811,2 (1M; 1F),"M, F (dress, anatomy)",Not transported,Unclear,Unclear,"Moderately wealthy (necklaces, armlets, anklets)",Unclear; RH,Moderately elaborate,1,Not inscribed
259,Sidihosakote16,15th-16th Century,Sati (Veera Masti),12.7295259,77.6875451,2 (1M; 1F),"M, F (dress, anatomy)",Not transported,Unclear,Unclear,"Moderately wealthy (necklaces, armlets, anklets)",RH; RH,Moderately elaborate,1,Not inscribed
260,Sidihosakote17,14th-15th Century,Sati (Veera Masti),12.733072,77.690885,2 (1M; 1F),"M, F (dress, anatomy)",Not transported,Unclear,Unclear,"Poor - no jewels, horses, parasols",RH; unclear,Semi-moderate,1,Not inscribed
261,Sidihosakote2,15th-16th Century,Sati (Veera Masti),12.733065,77.690942,2 (1M; 1F),"M, F (dress, anatomy)",Not transported,Unclear,Unclear,"Poor - no jewels, horses, parasols",Unclear; RH,Semi-moderate,1,Not inscribed
262,Sidihosakote3,15th-16th Century,Sati (Veera Masti),12.7330651,77.6909433,2 (1M; 1F),"M, F (dress, anatomy)",Not transported,Unclear,Unclear,"Poor - no jewels, horses, parasols",Unclear; unclear,Semi-moderate,1,Not inscribed
263,Sidihosakote4,15th-16th Century,Unclear Cause,12.7330692,77.6906699,1,"M (dress, anatomy)",Not transported,Unclear,Unclear,"Moderately wealthy (necklaces, armlets, anklets)",RH,Moderately elaborate,1,Not inscribed
264,Sidihosakote5,15th-16th Century,Unclear Cause,12.7295469,77.6874485,1,"M (dress, anatomy)",Not transported,Unclear,Unclear,"Poor - no jewels, horses, parasols",RH,Semi-moderate,1,Not inscribed
265,Sidihosakote6,15th-16th Century,Unclear Cause,12.7296306,77.6872017,1,"M (dress, anatomy)",Not transported,Unclear,Unclear,"Poor - no jewels, horses, parasols",RH,Semi-moderate,1,Not inscribed
266,Sidihosakote7,15th-16th Century,Self Sacrifice,12.7295678,77.687824,1,Female (dress and anatomy),Not transported,Hindu (Nandi bull and shivalinga on top of sculpture),Unclear,"Moderately wealthy (necklaces, armlets, anklets)",Unclear,Moderately elaborate,1,Not inscribed
267,Sidihosakote8,15th-16th Century,Unclear Cause,12.7294736,77.6876631,1,"M (dress, anatomy)",Not transported,Unclear,Unclear,"Moderately wealthy (necklaces, armlets, anklets)",Unclear,Semi-moderate,1,Not inscribed
268,Sidihosakote9,15th-16th Century,Sati,12.7296306,77.6872983,1,Female (dress and anatomy),Not transported,Unclear,Unclear,"Moderately wealthy (necklaces, armlets, anklets)",RH,Moderately elaborate,1,Not inscribed
269,Singahalli1,14th-15th Century,Cattle Raiding,13.161053,77.725772,Cattle - 2,No representation,No representation,No representation,No representation,No representation,No representation,No representation,1,Not inscribed
270,Singahalli2,14th-15th Century,Skirmish,13.161053,77.7257412,1,"M (dress, anatomy)",Not transported,Unclear,Unclear,"Moderately wealthy (necklaces, armlets, anklets)",Ambidextrous,Moderately elaborate,1,Not inscribed
271,Somanahalli1,14th-15th Century,Skirmish,12.770577,77.505226,1,"M (dress, anatomy)",Not transported,Unclear,Unclear,"Poor - no jewels, horses, parasols",RH,Semi-moderate,1,Not inscribed
272,Somanahalli2,10th-11th Century,Unclear Cause,12.772107,77.506426,Unclear,Unclear,Unclear,Unclear,Unclear,Unclear,Unclear,Unclear,1,Not inscribed
273,Sompura,9th-10th Century,Skirmish,12.867608,77.775851,1,"M (dress, anatomy)",Not transported,Unclear,Unclear,"Poor - no jewels, horses, parasols",RH,Semi-moderate,1,Not inscribed
274,Sondekoppa1,13th-14th Century,Sati (Okkai),13.018422,77.384253,No representation,No representation,Not transported,No representation,No representation,No representation,RH,Semi-moderate,1,Not inscribed
275,Sulikunte1,8th-9th Century,Unclear Cause,12.888315,77.728832,1,"M (dress, anatomy)",Not transported,Unclear,Unclear,"Poor - no jewels, horses, parasols",RH,Semi-moderate,1,Inscribed
276,Sulikunte2,8th-9th Century,Cattle Raiding,12.888682,77.728338,1,"M (dress, anatomy)",Carried by arms by apsaras,Unclear,Unclear,"Poor - no jewels, horses, parasols",Ambidextrous,Moderately elaborate,1,Inscribed
277,Sulikunte3,15th-16th Century,Unclear Cause,12.8883287,77.7266,1,"M (dress, anatomy)",Not transported,Unclear,Unclear,"Moderately wealthy (necklaces, armlets, anklets)",RH,Moderately elaborate,1,Not inscribed
278,Suryanagar1,16th-17th Century,Kuruba,12.790314,77.704416,3 (1M; 2F),"M, F (dress, anatomy)",Not transported,Unclear,Unclear,"Moderately wealthy (necklaces, armlets, anklets)","RH, RH, unclear",Moderately elaborate,1,Not inscribed
279,Taralu1,13th-14th Century,Unclear Cause,12.787331,77.522019,2 (2M),"M (dress, anatomy)",Transportation not shown,Unclear,Unclear,Moderately rich??? -- jewels,Ambidextrous,Moderately elaborate,1,Not inscribed
280,Taralu2,13th-14th Century,Unclear Cause -- fighting off wild animals,12.78733,77.52201,4 (3M; 1F),"M, F (dress, anatomy)",Not transported,Unclear,Unclear,"Poor - no jewels, horses, parasols",Unclear; unclear; unclear; RH,Semi-moderate,1,Not inscribed
281,Tavarakere_BangaloreSouth1,9th-10th Century,Uralivu and Cattle Raiding,12.9646526,77.3950504,1,"M (dress, anatomy)",Carried by arms by apsaras,Hindu (temple façade on top),Unclear,"Poor - no jewels, horses, parasols",RH,Elaborately carved,3,Inscribed
282,Tavarakere_BangaloreSouth2,9th-10th Century,Uralivu and Cattle Raiding,12.96465,77.395042,1,"M (dress, anatomy)",Carried by arms by apsaras,Hindu (temple façade on top),Unclear,"Poor - no jewels, horses, parasols",RH,Elaborately carved,2,Inscribed
283,Tavarakere_BangaloreSouth3,9th-10th Century,Uralivu and Cattle Raiding,12.9646399,77.395041,1,"M (dress, anatomy)",Carried by arms by apsaras,"Hindu (apsaras in heaven, top of stone resembles temple)",Unclear,"Poor - no jewels, horses, parasols",Ambidextrous,Elaborately carved,3,Inscribed
284,Tavarakere_BangaloreSouth4,9th-10th Century,Uralivu and Cattle Raiding,12.9646448,77.3950279,1,"M (dress, anatomy)",Carried by arms by apsaras,"Hindu (apsaras in heaven, top of stone resembles temple)",Unclear,"Poor - no jewels, horses, parasols",Ambidextrous,Elaborately carved,3,Inscribed
285,Tindlu,14th-15th Century,Sati (Veera Masti),12.860434,77.7992619,2 (1M; 1F),"M, F (dress, anatomy)",Not transported,Unclear,Unclear,"Poor - no jewels, horses, parasols",Unclear; unclear,Semi-moderate,1,Not inscribed
286,Totagere1,8th-9th Century,Skirmish,13.13516,77.44743,1,"M (dress, anatomy)",Not transported,Unclear,Not clear,"Poor - no jewels, horses, parasols",RH,Poorly carved,1,Inscribed
287,Uganavadi1,10th-11th Century,Unclear Cause,13.238638,77.647516,1,"M (dress, anatomy)",Not transported,Unclear,Unclear,"Poor - no jewels, horses, parasols",RH,Semi-moderate,1,Inscribed
288,Uganavadi2,9th-10th Century,Skirmish,13.238638,77.647516,1,"M (dress, anatomy)",Transportation not shown -- flanked by apsaras in heaven,Unclear,Unclear,"Poor - no jewels, horses, parasols",RH,Moderately elaborate,2,Not inscribed
289,Uganavadi3,9th-10th Century,Skirmish,13.238638,77.647516,1,"M (dress, anatomy)",Transportation not shown -- flanked by apsaras in heaven,Unclear,Unclear,"Poor - no jewels, horses, parasols",RH,Moderately elaborate,2,Not inscribed
290,Vanakanahalli1,14th-15th Century,Sati (Veera Masti),12.671689,77.694987,3 (1M; 2F),"M, F (dress, anatomy)",Not transported,Unclear,Unclear,"Poor - no jewels, horses, parasols",RH; LH; unclear,Semi-moderate,1,Not inscribed
291,Vijayanagara1,15th-16th Century,Sati (Veera Masti),12.9664102,77.5394384,2 (1M; 1F),"M, F (dress, anatomy)",Not transported,Unclear,Not clear,"Moderately wealthy (necklaces, armlets, anklets)","RH, LH",Moderately elaborate,1,Not inscribed
292,Vijayanagara2,15th-16th Century,Sati (Veera Masti),12.96634854,77.539425,2 (1M; 1F),"M, F (dress, anatomy)",Not transported,Unclear,Not clear,"Poor - no jewels, horses, parasols",RH,Semi-moderate,1,Not inscribed
293,Vijayanagara3,15th-16th Century,Unclear Cause,12.9664141,77.539484,2 (1M; 1F),"M, F (dress, anatomy)",Not transported,Unclear,Not clear,"Moderately wealthy (necklaces, armlets, anklets)","RH, RH",Moderately elaborate,1,Not inscribed
294,Yamare1,15th-16th Century,Unclear Cause,12.876959,77.764838,Unclear,Unclear,Unclear,Unclear,Unclear,Unclear,Unclear,Unclear,Unclear,Not inscribed
295,Yelahanka1,9th-10th Century,Skirmish,13.0928744,77.5789661,1,"M (dress, anatomy)",Carried by arms by apsaras,Hindu (apsaras in heaven???),Dvija (caste thread),"Moderately wealthy (necklaces, armlets, anklets)",RH,Moderately elaborate,2,Not inscribed
296,Yelahanka2,9th-10th Century,Skirmish,13.108872,77.5975808,1,"M (dress, anatomy)",Carried by arms by apsaras,Hindu (apsaras in heaven???),Possible Brahmin -- triple cord -- dvija (caste thread),"Moderately wealthy (necklaces, armlets, anklets)",Ambidextrous,Moderately elaborate,2,Not inscribed
297,Yelahanka3,9th-10th Century,Skirmish,13.097468,77.5776726,1,"M (dress, anatomy)",Transportation not shown -- with shivalinga in upper panel,"Hindu (worship of shivalinga, Nandi Bull)",Unclear,"Moderately wealthy (necklaces, armlets, anklets)",RH,Moderately elaborate,2,Not inscribed
298,Yelahanka4,9th-10th Century,Skirmish,13.1024326,77.5939149,1,"M (dress, anatomy)",Not transported,Unclear,Unclear,"Moderately wealthy (necklaces, armlets, anklets)",RH,Moderately elaborate,1,Not inscribed
299,Yelahanka5,9th-10th Century,Skirmish,13.1024391,77.5939324,1,"M (dress, anatomy)",Not transported,Unclear,Unclear,"Moderately wealthy (necklaces, armlets, anklets)",RH,Moderately elaborate,1,Not inscribed
300,Yelahanka6,9th-10th Century,Skirmish,13.1024639,77.5939472,1,"M (dress, anatomy)",Transportation not shown -- flanked by apsaras in heaven,Unclear,Unclear,"Moderately wealthy (necklaces, armlets, anklets)",RH,Moderately elaborate,2,Not inscribed
301,Yelahanka7,9th-10th Century,Skirmish,13.1024706,77.5939242,1,"M (dress, anatomy)",Transportation not shown -- flanked by apsaras in heaven,Unclear,Unclear,"Moderately wealthy (necklaces, armlets, anklets)",RH,Moderately elaborate,2,Not inscribed
