ID,Name,Date,Type,Latitude,Longitude
1,Agara1,9th-10th Century,Skirmish,12.8344241,77.4869542
2,Agara2,9th-10th Century,Cattle Raiding,12.831921,77.485338
3,Agara3,14th-15th Century,Skirmish,12.844055,77.487129
4,Agara4,9th-10th Century,Cattle Raiding,12.844193,77.487129
5,Agrahara1,14th-15th Century,Unclear Cause ,13.091357,77.619576
6,Amani Doddakere,15th-16th Century,Unclear Cause,12.729891,77.697823
7,Amani Doddakere2,13th-14th Century,Unclear Cause,12.734077,77.698277
8,Amani Doddakere3,13th-14th Century,Unclear Cause,12.734139,77.699559
9,Anekal1,14th-15th Century,Sati (Veera Masti),12.7008119,77.706643
10,Anekal2,16th-17th Century,Rifle ,12.7008131,77.7066486
11,Anekal3,13th-14th Century,Unclear Cause,12.700807,77.7066427
12,Anekal4,14th-15th Century,Unclear Cause,12.7008102,77.706683
13,Anekal5,14th-15th Century,Sati (Veera Masti),12.7008205,77.70663
14,Anekal6,14th-15th Century,Sati (Veera Masti),12.70082,77.70662
15,Anekal7,8th-9th Century,Skirmish,12.70264,77.6932
16,Aradeshanahalli2,9th-10th Century,Cattle Raiding,13.221615,77.564159
17,Aradeshanahalli3,15th-16th Century,Unclear Cause,13.2192247,77.5674377
18,Aradeshanahalli4,15th-16th Century,Unclear Cause,13.219225,77.56743
19,Aradeshanahalli5,15th-16th Century,Unclear Cause,13.219225,77.56743
20,Aradeshanahalli6,15th-16th Century,Unclear Cause,13.2192198,77.5674337
21,Aradeshanahalli7,15th-16th Century,Unclear Cause,13.2192224,77.5674253
22,Aradeshanahalli8,15th-16th Century,Sati,13.2192162,77.5674407
23,Arakere1,14th-15th Century,Sati (Veera Masti),13.206639,77.536129
24,Arakere2,14th-15th Century,Sati (Veera Masti),13.206639,77.536129
25,Arehalli1,9th-10th Century,Skirmish,12.936317,77.829513
26,Attibele1,9th-10th Century,Cattle Raiding,12.7763447,77.7712642
27,Avalahalli (Now in Museum)1,13th-14th Century,Skirmish,12.9747694,77.5958
28,Balepete (Ranganathaswamy Temple)1,15th-16th Century,Skirmish,12.9701394,77.5793501
29,Ballur1,10th-11th Century,Sati,12.747326,77.784169
30,Banashankari1,10th-11th Century,Deer Hunting,12.927056,77.568081
31,Banaswadi1,13th-14th Century,Sati (Veera Masti),13.01318,77.365755
32,Bande Nallasandra,13th-14th Century,Sati,12.793971,77.651278
33,Bangalore at Central College Campus1,15th-16th Century,Unclear Cause,12.9731385,77.5820371
34,Bangalore at Central College Campus2,15th-16th Century,Sati (Veera Masti),12.9731385,77.5819808
35,Bangalore Chalukya Circle1,14th-15th Century,Sati,12.9828611,77.5869394
36,Bangalore University Kannada Department8,10th-11th Century,Tiger,12.944872,77.503342
37,Bangalore University1,15th-16th Century,Sati (Veera Masti),12.944658,77.503171
38,Bangalore University2,15th-16th Century,Sati (Veera Masti),12.944658,77.503171
39,Bangalore University3,15th-16th Century,Sati (Veera Masti),12.944658,77.503171
40,Bangalore University4,15th-16th Century,Sati (Veera Masti),12.944667,77.503131
41,Bangalore University5,15th-16th Century,Sati (Veera Masti),12.944876,77.503094
42,Bangalore University6,15th-16th Century,Sati (Veera Masti),12.944707,77.503176
43,Bangalore University7,14th-15th Century,Sati (Veera Masti),12.944878,77.503326
44,Bannerughatta1,13th-14th Century,Self Sacrifice,12.8136587,77.5797897
45,Bannerughatta10,10th-11th Century,Self Sacrifice,12.813753,77.579773
46,Bannerughatta11,14th-15th Century,Unclear Cause,12.8138003,77.5798084
47,Bannerughatta12,14th-15th Century,Skirmish,12.8137881,77.5798446
48,Bannerughatta13,13th-14th Century,Cattle Raiding,12.8135495,77.5804304
49,Bannerughatta14,13th-14th Century,Sati (Veera Masti),12.81354,77.58043
50,Bannerughatta2,14th-15th Century,Unclear Cause,12.813806,77.580901
51,Bannerughatta3,13th-14th Century,Self Sacrifice,12.813758,77.57982
52,Bannerughatta4,14th-15th Century,Skirmish,12.813765,77.579735
53,Bannerughatta5,15th-16th Century,Sati (Veera Masti),12.813777,77.579742
54,Bannerughatta6,15th-16th Century,Sati (Veera Masti),12.81381,77.579796
55,Bannerughatta7,14th-15th Century,Cattle Raiding,12.8138,77.579796
56,Bannerughatta8,14th-15th Century,Cattle Raiding,12.813802,77.579796
57,Bannerughatta9,14th-15th Century,Skirmish,12.813805,77.579803
58,Basavanagudi1,15th-16th Century,Sati (Veera Masti),12.9428311,77.5681044
59,Begur (Nageshwara Temple)2,9th-10th Century,Skirmish,12.8766854,77.6263538
60,Begur (Nageshwara Temple)3,9th-10th Century,Velevali,12.8766828,77.6263733
61,Begur (Now in Museum)1,9th-10th Century,Uralivu (Attack on village) and cattle raiding,12.9747645,77.5957933
62,Begur10,9th-10th Century,Unclear Cause,12.8767018,77.6263588
63,Begur11,9th-10th Century,Unclear Cause,12.876692,77.6263759
64,Begur12,9th-10th Century,Skirmish,12.8766926,77.6263712
65,Begur5,9th-10th Century,Cattle Raiding,12.876681,77.6263796
66,Begur6,9th-10th Century,Cattle Raiding,12.876671,77.6263531
67,Begur7,8th-9th Century,Skirmish,12.8766865,77.6263631
68,Begur8,13th-14th Century,Self Sacrifice,12.8766934,77.6263537
69,Begur9,9th-10th Century,Unclear Cause,12.8766989,77.6263665
70,Bellandur1,10th-11th Century,Sati (Veera Masti),12.9305556,77.6758889
71,Bengaluru at Lalbagh1,15th-16th Century,Sati (Veera Masti),12.949418,77.589955
72,Bengaluru at Lalbagh2,13th-14th Century,Sati,12.9492583,77.5898753
73,Bengaluru Dasarahalli,9th-10th Century,Unclear Cause,13.0542041,77.6150685
74,Bengaluru Dasarahalli1,14th-15th Century,Sati,13.054241,77.6150648
75,Bengaluru Dasarahalli2,14th-15th Century,Skirmish,13.0542033,77.6150441
76,Bengaluru Dasarahalli3,14th-15th Century,Unclear Cause,13.0542199,77.6150573
77,Bengaluru Dasarahalli4,14th-15th Century,Unclear Cause,13.0542324,77.6150499
78,Bengaluru Devasandra1,14th-15th Century,Skirmish,13.00461,77.700907
79,Bengaluru Gokhale Institute1,12th-13th Century,Skirmish,12.939663,77.56678
80,Bengaluru Gokhale Institute2,12th-13th Century,Skirmish,12.9396636,77.5667835
81,Bengaluru Jakkur 1,10th-11th Century,Self Sacrifice,13.078951,77.607183
82,Bengaluru Panattur1,14th-15th Century,Sati (Veera Masti),12.933107,77.70714
83,Bengaluru Sarakki1,14th-15th Century,Sati,12.911321,77.579994
84,Bengaluru Shikaripalya1,16th-17th Century,Skirmish,12.833829,77.655336
85,Bengaluru Srinivagilu1,8th-9th Century,Cattle Raiding,12.932406,77.640507
86,Bengaluru T Dasarahalli 1,8th-9th Century,Cattle Raiding,13.0427465,77.50988885
87,Bengaluru T Dasarahalli 2,8th-9th Century,Cattle Raiding,13.0421009,77.5098781
88,Bhaktipura1,15th-16th Century,Sati (Veera Masti),12.753772,77.761181
89,Bhaktipura2,14th-15th Century,Unclear Cause,12.751964,77.763131
90,Bheemanaguppe1,13th-14th Century,Skirmish,12.895492,77.435632
91,Bidaraguppe1,14th-15th Century,Unclear Cause,12.803323,77.788443
92,Bidaraguppe2,14th-15th Century,Unclear Cause,12.80332,77.78844
93,Bidaraguppe3,14th-15th Century,Unclear Cause,12.80332,77.78843
94,Bidaraguppe4,14th-15th Century,Sati,12.80332,77.78843
95,Bidaraguppe5,14th-15th Century,Unclear Cause,12.80332,77.78843
96,Bidaraguppe6,14th-15th Century,Sati,12.800938,77.790458
97,Bikkanahalli1,13th-14th Century,Sati,12.836663,77.759621
98,Bisanahalli1,8th-9th Century,Cattle Raiding,13.009935,77.814322
99,Bommandahalli1,13th-14th Century,Sati,12.754273,77.63684
100,Bommandahalli2,15th-16th Century,Unclear Cause,12.7542701,77.636839
101,Bommenahalli1,15th-16th Century,Sati (Veera Masti),13.075613,77.7473258
102,Byagadenahalli1,10th-11th Century,Unclear Cause,12.746963,77.710919
103,Byalalu1,13th-14th Century,Cattle Raiding,12.891629,77.376675
104,Byregowdanahalli1,15th-16th Century,Sati (Veera Masti),13.062453,77.386346
105,Byregowdanahalli2,15th-16th Century,Sati (Veera Masti),13.062453,77.386346
106,Byregowdanahalli3,15th-16th Century,Sati (Veera Masti),13.062453,77.386346
107,Chikkabanavara1,15th-16th Century,Sati (Veera Masti),13.084016,77.502674
108,Chikkahosahalli1,17th-18th Century,Sati,12.905242,77.646311
109,Chikkanahalli2,8th-9th Century,Unclear Cause,13.127854,77.912285
110,Cholanayakanahalli 1 (Magadi),13th-14th Century,Unclear Cause,12.9607097,77.359157
111,Cholanayakanahalli 2 (Bengaluru South),13th-14th Century,Skirmish,12.960713,77.359152
112,Cholanayakanahalli 2 (Magadi),13th-14th Century,Skirmish,12.9605215,77.35991249
113,Cholanayakanahalli1 (Bengaluru South),13th-14th Century,Sati,12.959485,77.355227
114,Cubbon Park1,14th-15th Century,Sati,12.9750278,77.5943889
115,Dabbaguli,13th-14th Century,Unclear Cause,12.895183,77.323004
116,Dabbaguli2,13th-14th Century,Tiger,12.89483,77.322557
117,Dabbaguli3,13th-14th Century,Skirmish,12.89483,77.32255
118,Dodda Bommasandra1,13th-14th Century,Unclear Cause,13.0631384,77.5671944
119,Dodda Gubbi1,13th-14th Century,Self Sacrifice,13.0701944,77.6743333
120,Dodda Nekkundi1,10th-11th Century,Sati (Veera Masti),12.9718611,77.6941729
121,Doddajala1,14th-15th Century,Sati (Veera Masti),13.175997,77.654138
122,Doddasanne1,9th-10th Century,Unclear Cause,13.23077,77.692967
123,Doddasanne2,9th-10th Century,Skirmish,13.2249788,77.6968091
124,Doddasanne3,9th-10th Century,Skirmish,13.2250206,77.6968091
125,DoddaToguru1,9th-10th Century,Cattle Raiding,12.85205,77.65484
126,DoddaToguru2,9th-10th Century,Skirmish,12.851905,77.656198
127,Dodderi1,13th-14th Century,Skirmish,12.866642,77.378214
128,Domlur1,13th-14th Century,Self Sacrifice,12.9622222,77.6362222
129,Dommasandra1,14th-15th Century,Sati (Veera Masti),12.876077,77.753082
130,Ganapathihalli1,13th-14th Century,Skirmish,12.917618,77.396506
131,Gattahalli1,13th-14th Century,Sati (Veera Masti),12.870422,77.704133
132,Gaudahalli1,14th-15th Century,Skirmish,13.2323433,77.5207446
133,Gaudahalli2,14th-15th Century,Sati (Veera Masti),13.232342,77.520695
134,Gaudahalli3,14th-15th Century,Sati (Veera Masti),13.232342,77.520695
135,Gaudahalli4,14th-15th Century,Sati,13.232342,77.520695
136,Gaudahalli5,14th-15th Century,Unclear Cause,13.232342,77.520695
137,Gaudahalli6,14th-15th Century,Sati (Veera Masti),13.232342,77.5207178
138,Gaudahalli7,14th-15th Century,Sati (Veera Masti),13.2323133,77.5207312
139,Geddalahalli (RMV 2nd Stage)1,8th-9th Century,Unclear Cause,13.0305278,77.5747778
140,Gulakamale1,13th-14th Century,Skirmish,12.8021105,77.5303169
141,Gulakamale2,14th-15th Century,Skirmish,12.8021115,77.530318
142,Halasuru,15th-16th Century,Unclear Cause,12.975647,77.623117
143,Handenahalli1,10th-11th Century,Self Sacrifice,12.824232,77.761923
144,Handenahalli3,15th-16th Century,Sati (Veera Masti),12.825784,77.766669
145,Handenahalli4,15th-16th Century,Sati,12.825764,77.766614
146,Haragadde1,15th-16th Century,Unclear Cause,12.762668,77.654502
147,Harohalli1,15th-16th Century,Unclear Cause,13.133175,77.577061
148,Harohalli2,15th-16th Century,Sati (Veera Masti),13.133253,77.576994
149,Harohalli3,15th-16th Century,Sati (Veera Masti),13.1332389,77.5769928
150,Harugadde1,15th-16th Century,Sati,12.7626637,77.654501
151,Hebbagodi1,8th-9th Century,Cattle Raiding,12.824329,77.673378
152,Hebbala1,8th-9th Century,Town Defense,13.0404265,77.5912069
153,Huchcharayana Palya1,10th-11th Century,Tiger,12.766016,77.53831
154,Huchcharayana Palya2,10th-11th Century,Cattle Raiding,12.76601,77.53831
155,Hulimangala1,14th-15th Century,Sati,12.81879,77.6372617
156,Hyadalu1,9th-10th Century,Unclear Cause,13.14143,77.411215
157,Hyadalu2,9th-10th Century,Cattle Raiding,13.14143,77.411215
158,Hyadalu3,9th-10th Century,Skirmish,13.14143,77.411215
159,Hyadalu4,13th-14th Century,Unclear Cause,13.141042,77.411723
160,Hyadalu5,9th-10th Century,Boar Hunting,13.141042,77.411723
161,Ibbaluru1,14th-15th Century,Sati (Veera Masti),12.92145,77.661597
162,Immadihalli1,14th-15th Century,Kuruba,12.9651667,77.7565278
163,Indian Institute of Science1,10th-11th Century,Tiger,13.0205278,77.5695278
164,Indlavadi,14th-15th Century,Unclear Cause,12.726214,77.626161
165,Jakkasandra1,14th-15th Century,Unclear Cause,13.085707,77.386733
166,Jakkur Telicom Layout 1,14th-15th Century,Unclear Cause,13.067294,77.616161
167,Junnasandra,16th-17th Century,Sati (Veera Masti),12.9078643,77.6835242
168,Kadajakkanahalli1,15th-16th Century,Unclear Cause,12.748098,77.635473
169,Kadatanamale1,15th-16th Century,Unclear Cause,13.210868,77.54546
170,Kaikondrahalli1,9th-10th Century,Uralivu (Attack on village),12.9107222,77.6806944
171,Kengeri1,13th-14th Century,Sati,12.90484,77.489598
172,Kerechudanahalli1,14th-15th Century,Skirmish,12.782106,77.489623
173,Kethohalli1,9th-10th Century,Cattle Raiding,12.906216,77.400446
174,Kethohalli2,9th-10th Century,Unclear Cause,12.906216,77.400446
175,Kitiganur1,9th-10th Century,Cattle Raiding,13.032791,77.709131
176,Kitiganur2,9th-10th Century,Cattle Raiding,13.0328197,77.7091109
177,Kitiganur3,9th-10th Century,Skirmish,13.0328054,77.7091726
178,Kittanahalli1,10th-11th Century,Cattle Raiding,13.00835,77.403326
179,Kittanahalli2,10th-11th Century,Tiger,13.00835,77.403326
180,Kodigehalli1,15th-16th Century,Sati (Veera Masti),13.065,77.5736389
181,Kodigehalli2,16th-17th Century,Unclear Cause,13.0576944,77.5768056
182,Kodihalli1,15th-16th Century,Sati (Veera Masti),13.188858,77.454072
183,Kodihalli2,15th-16th Century,Sati (Veera Masti),13.188858,77.454072
184,Kodihalli3,15th-16th Century,Sati (Veera Masti),13.188858,77.454072
185,Kolipura1,15th-16th Century,Sati (Veera Masti),13.169006,77.656886
186,Kothnur1,16th-17th Century,Sati (Veera Masti),12.8763889,77.5771944
187,Krishnarajapura (now in the Bangalore Museum)1,8th-9th Century,Uralivu (Attack on village),12.9747,77.596388
188,Kuguru1,14th-15th Century,Unclear Cause,12.909758,77.809906
189,Kuguru2,14th-15th Century,Unclear Cause,12.909752,77.81002
190,Kuguru3,9th-10th Century,Cattle Raiding,12.911772,77.813722
191,Kuguru4,9th-10th Century,Skirmish,12.911315,77.815142
192,Kurudusonnenahalli1,10th-11th Century,Unclear Cause,13.0189697,77.7243847
193,Kurudusonnenahalli2,10th-11th Century,Unclear Cause,13.01896,77.72438
194,Kurudusonnenahalli3,9th-10th Century,Uralivu (Attack on village),13.018974,77.7243844
195,Madapatna1,16th-17th Century,Kuruba,12.934193,77.35832
196,Madapatna2,16th-17th Century,Kuruba,12.934259,77.358189
197,Madapatna3,16th-17th Century,Kuruba,12.934259,77.358189
198,Madapatna4,15th-16th Century,Sati (Veera Masti),12.934193,77.35832
199,Madapatna5,15th-16th Century,Sati (Veera Masti),12.934193,77.35832
200,Madivala (BTM)1,10th-11th Century,Tiger,12.9167222,77.61525
201,Mahalchowdadenahalli,15th-16th Century,Unclear Cause,12.873065,77.807995
202,Manchanahalli1,9th-10th Century,Skirmish,12.76874,77.758674
203,Manchenalli1,15th-16th Century,Unclear Cause,12.769039,77.754217
204,Manchenalli2,15th-16th Century,Unclear Cause,12.769107,77.754852
205,Manchenalli3,15th-16th Century,Unclear Cause,12.7691,77.753257
206,Mandur1,14th-15th Century,Unclear Cause,13.083495,77.736889
207,Maranagere1,14th-15th Century,Unclear Cause,12.881571,77.851209
208,Maranayakanahalli1,8th-9th Century,Unclear Cause,13.168685,77.649676
209,Maranayakanahalli2,8th-9th Century,Cattle Raiding,13.1687307,77.6497149
210,Marasuru Madivala1,9th-10th Century,Skirmish,12.761743,77.72385
211,Marasuru Madivala2,10th-11th Century,Skirmish,12.76173,77.72384
212,Marasuru Madivala3,15th-16th Century,Sati (Veera Masti),12.763366,77.723591
213,Marasuru Madivala4,10th-11th Century,Skirmish,12.76173,77.72384
214,Marasuru1,14th-15th Century,Sati,12.764323,77.727801
215,Mattanahalli,14th-15th Century,Sati (Veera Masti),12.870961,77.829892
216,Mayasandra 1 (Anekal Taluk),9th-10th Century,Skirmish,12.747221,77.742435
217,Medahalli1,9th-10th Century,Cattle Raiding,13.028916,77.722887
218,Mutsandra1,14th-15th Century,Skirmish,12.76382,77.745393
219,Nadagowda Gollahalli 1 (Bangalore East),9th-10th Century,Skirmish,13.079684,77.675412
220,Nadagowda Gollahalli 1 (Devanahalli),14th-15th Century,Unclear Cause,13.081332,77.676491
221,Nadagowda Gollahalli 2 (Bangalore East),9th-10th Century,Skirmish,13.0796856,77.6754127
222,NadagowdaGollahalli1,9th-10th Century,Skirmish,13.079684,77.675412
223,NadagowdaGollahalli2,9th-10th Century,Skirmish,13.0796856,77.675414
224,Nagamangala1,13th-14th Century,Skirmish,13.216711,77.618338
225,Nagasandra1,10th-11th Century,Cattle Raiding,13.0403333,77.4992778
226,Nelaguli1,14th-15th Century,Skirmish,12.774531,77.48834
227,Neraluru2,16th-17th Century,Skirmish,12.796633,77.732579
228,Neraluru3,14th-15th Century,Boar Hunting,12.79666,77.728322
229,NMKRV College1,15th-16th Century,Kuruba,12.9324444,77.5810833
230,Peddanapalya1,14th-15th Century,Sati (Veera Masti),12.963867,77.389103
231,Rahuthanahalli1,14th-15th Century,Skirmish,13.027844,77.415831
232,Raj Bhavan (Now in Museum)1,15th-16th Century,Sati (Veera Masti),12.97475,77.5957778
233,Ramasandra1,15th-16th Century,Sati,12.944422,77.466967
234,Sabmangala1,14th-15th Century,Unclear Cause,12.70496,77.729917
235,Sabmangala2,14th-15th Century,Unclear Cause,12.70496,77.729917
236,Sabmangala3,15th-16th Century,Sati,12.705035,77.7299455
237,Sadenahalli1,13th-14th Century,Boar Hunting,13.194355,77.573057
238,Sadenahalli2,10th-11th Century,Skirmish,13.194355,77.573057
239,Sakalavara,8th-9th Century,Tiger,12.822248,77.6099
240,Sampanigiram Nagar (Sri Sampigehalli Beereshwara Swamy)1,16th-17th Century,Kuruba,12.9677222,77.5960278
241,Sarjapura1,10th-11th Century,Skirmish,12.859811,77.784832
242,Sarjapura10,14th-15th Century,Unclear Cause,12.855279,77.785067
243,Sarjapura2,14th-15th Century,Sati,12.8557681,77.7886285
244,Sarjapura3,15th-16th Century,Sati (Veera Masti),12.855471,77.785
245,Sarjapura4,15th-16th Century,Sati,12.855471,77.785
246,Sarjapura5,15th-16th Century,Sati,12.855471,77.785
247,Sarjapura6,15th-16th Century,Sati,12.855471,77.785
248,Sarjapura7,15th-16th Century,Sati (Veera Masti),12.8554318,77.7850134
249,Sarjapura8,15th-16th Century,Sati (Veera Masti),12.855857,77.784893
250,Sarjapura9,15th-16th Century,Sati (Veera Masti),12.8554318,77.7850134
251,Satanuru_Yelahanka1,14th-15th Century,Unclear Cause,13.132278,77.648137
252,Sidihosakote1,15th-16th Century,Skirmish,12.733065,77.690942
253,Sidihosakote10,15th-16th Century,Sati (Veera Masti),12.7294631,77.6879635
254,Sidihosakote11,15th-16th Century,Unclear Cause,12.7295469,77.6876845
255,Sidihosakote12,15th-16th Century,Unclear Cause,12.7294841,77.6880815
256,Sidihosakote13,15th-16th Century,Sati (Veera Masti),12.7294108,77.6881673
257,Sidihosakote14,15th-16th Century,Sati (Veera Masti),12.7294945,77.6878991
258,Sidihosakote15,15th-16th Century,Sati (Veera Masti),12.7294527,77.6877811
259,Sidihosakote16,15th-16th Century,Sati (Veera Masti),12.7295259,77.6875451
260,Sidihosakote17,14th-15th Century,Sati (Veera Masti),12.733072,77.690885
261,Sidihosakote2,15th-16th Century,Sati (Veera Masti),12.733065,77.690942
262,Sidihosakote3,15th-16th Century,Sati (Veera Masti),12.7330651,77.6909433
263,Sidihosakote4,15th-16th Century,Unclear Cause,12.7330692,77.6906699
264,Sidihosakote5,15th-16th Century,Unclear Cause,12.7295469,77.6874485
265,Sidihosakote6,15th-16th Century,Unclear Cause,12.7296306,77.6872017
266,Sidihosakote7,15th-16th Century,Self Sacrifice,12.7295678,77.687824
267,Sidihosakote8,15th-16th Century,Unclear Cause,12.7294736,77.6876631
268,Sidihosakote9,15th-16th Century,Sati,12.7296306,77.6872983
269,Singahalli1,14th-15th Century,Cattle Raiding,13.161053,77.725772
270,Singahalli2,14th-15th Century,Skirmish,13.161053,77.7257412
271,Somanahalli1,14th-15th Century,Skirmish,12.770577,77.505226
272,Somanahalli2,10th-11th Century,Unclear Cause,12.772107,77.506426
273,Sompura,9th-10th Century,Skirmish,12.867608,77.775851
274,Sondekoppa1,13th-14th Century,Sati (Okkai),13.018422,77.384253
275,Sulikunte1,8th-9th Century,Unclear Cause,12.888315,77.728832
276,Sulikunte2,8th-9th Century,Cattle Raiding,12.888682,77.728338
277,Sulikunte3,15th-16th Century,Unclear Cause,12.8883287,77.7266
278,Suryanagar1,16th-17th Century,Kuruba,12.790314,77.704416
279,Taralu1,13th-14th Century,Unclear Cause,12.787331,77.522019
280,Taralu2,13th-14th Century,Unclear Cause -- fighting off wild animals,12.78733,77.52201
281,Tavarakere_BangaloreSouth1,9th-10th Century,Uralivu and Cattle Raiding,12.9646526,77.3950504
282,Tavarakere_BangaloreSouth2,9th-10th Century,Uralivu and Cattle Raiding,12.96465,77.395042
283,Tavarakere_BangaloreSouth3,9th-10th Century,Uralivu and Cattle Raiding,12.9646399,77.395041
284,Tavarakere_BangaloreSouth4,9th-10th Century,Uralivu and Cattle Raiding,12.9646448,77.3950279
285,Tindlu,14th-15th Century,Sati (Veera Masti),12.860434,77.7992619
286,Totagere1,8th-9th Century,Skirmish,13.13516,77.44743
287,Uganavadi1,10th-11th Century,Unclear Cause,13.238638,77.647516
288,Uganavadi2,9th-10th Century,Skirmish,13.238638,77.647516
289,Uganavadi3,9th-10th Century,Skirmish,13.238638,77.647516
290,Vanakanahalli1,14th-15th Century,Sati (Veera Masti),12.671689,77.694987
291,Vijayanagara1,15th-16th Century,Sati (Veera Masti),12.9664102,77.5394384
292,Vijayanagara2,15th-16th Century,Sati (Veera Masti),12.96634854,77.539425
293,Vijayanagara3,15th-16th Century,Unclear Cause,12.9664141,77.539484
294,Yamare1,15th-16th Century,Unclear Cause,12.876959,77.764838
295,Yelahanka1,9th-10th Century,Skirmish,13.0928744,77.5789661
296,Yelahanka2,9th-10th Century,Skirmish,13.108872,77.5975808
297,Yelahanka3,9th-10th Century,Skirmish,13.097468,77.5776726
298,Yelahanka4,9th-10th Century,Skirmish,13.1024326,77.5939149
299,Yelahanka5,9th-10th Century,Skirmish,13.1024391,77.5939324
300,Yelahanka6,9th-10th Century,Skirmish,13.1024639,77.5939472
301,Yelahanka7,9th-10th Century,Skirmish,13.1024706,77.5939242
